month,hour,value
1,0,0
1,100,0
1,200,0
1,300,0
1,400,0
1,500,0
1,600,0
1,700,0
1,800,0
1,900,0
1,1000,0
1,1100,0
1,1200,0
1,1300,0
1,1400,0
1,1500,0
1,1600,0
1,1700,0
1,1800,0
1,1900,0
1,2000,0
1,2100,0
1,2200,0
1,2300,0
1,0,0
1,100,0
1,200,0
1,300,0
1,400,0
1,500,0
1,600,0
1,700,0
1,800,0
1,900,0
1,1000,0
1,1100,0
1,1200,0
1,1300,0
1,1400,0
1,1500,0
1,1600,0
1,1700,0
1,1800,0
1,1900,0
1,2000,0
1,2100,0
1,2200,0
1,2300,0
1,0,0
1,100,0
1,200,0
1,300,0
1,400,0
1,500,0
1,600,0
1,700,0
1,800,0
1,900,0
1,1000,0
1,1100,0
1,1200,0
1,1300,0
1,1400,0
1,1500,0
1,1600,0
1,1700,0
1,1800,0
1,1900,0
1,2000,0
1,2100,0
1,2200,0
1,2300,0
1,0,0
1,100,0
1,200,0
1,300,0
1,400,0
1,500,0
1,600,0
1,700,0
1,800,0
1,900,0
1,1000,0
1,1100,0
1,1200,0
1,1300,0
1,1400,0
1,1500,0
1,1600,0
1,1700,0
1,1800,0
1,1900,0
1,2000,0
1,2100,0
1,2200,0
1,2300,0
1,0,0
1,100,0
1,200,0
1,300,0
1,400,0
1,500,0
1,600,0
1,700,0
1,800,0
1,900,0
1,1000,0
1,1100,0
1,1200,0
1,1300,0
1,1400,0
1,1500,0
1,1600,0
1,1700,0
1,1800,0
1,1900,0
1,2000,0
1,2100,0
1,2200,0
1,2300,0
1,0,0
1,100,0
1,200,0
1,300,0
1,400,0
1,500,0
1,600,0
1,700,0
1,800,0
1,900,0
1,1000,0
1,1100,0
1,1200,0
1,1300,0
1,1400,0
1,1500,0
1,1600,0
1,1700,0.1
1,1800,0
1,1900,0
1,2000,0
1,2100,0
1,2200,0
1,2300,0
1,0,0
1,100,0
1,200,0
1,300,0
1,400,0
1,500,0
1,600,0
1,700,0
1,800,0
1,900,0
1,1000,0
1,1100,0
1,1200,0
1,1300,0
1,1400,0
1,1500,0
1,1600,0
1,1700,0
1,1800,0
1,1900,0
1,2000,0
1,2100,0
1,2200,0
1,2300,0
1,0,0
1,100,0
1,200,0
1,300,0
1,400,0
1,500,0
1,600,0
1,700,0
1,800,0
1,900,0
1,1000,0
1,1100,0
1,1200,0
1,1300,0
1,1400,0
1,1500,0
1,1600,0
1,1700,0
1,1800,0
1,1900,0
1,2000,0
1,2100,0
1,2200,0
1,2300,0
1,0,0
1,100,0
1,200,0
1,300,0
1,400,0
1,500,0
1,600,0
1,700,0
1,800,0
1,900,0
1,1000,0
1,1100,0
1,1200,0
1,1300,0
1,1400,0
1,1500,0
1,1600,0
1,1700,0
1,1800,0
1,1900,0
1,2000,0
1,2100,0
1,2200,0
1,2300,0
1,0,0
1,100,0
1,200,0
1,300,0
1,400,0
1,500,0
1,600,0
1,700,0
1,800,0
1,900,0
1,1000,0
1,1100,0
1,1200,0
1,1300,0
1,1400,0
1,1500,0
1,1600,0
1,1700,0
1,1800,0
1,1900,0
1,2000,0
1,2100,0
1,2200,0
1,2300,0
1,0,0
1,100,0
1,200,0
1,300,0
1,400,0
1,500,0
1,600,0
1,700,0
1,800,0
1,900,0
1,1000,0
1,1100,0
1,1200,0
1,1300,0
1,1400,0
1,1500,0
1,1600,0
1,1700,0
1,1800,0
1,1900,0
1,2000,0
1,2100,0
1,2200,0
1,2300,0
1,0,0
1,100,0
1,200,0
1,300,0
1,400,0
1,500,0
1,600,0
1,700,0
1,800,0
1,900,0
1,1000,0
1,1100,0
1,1200,0
1,1300,0
1,1400,0
1,1500,0
1,1600,0
1,1700,0
1,1800,0
1,1900,0
1,2000,0
1,2100,0
1,2200,0
1,2300,0
1,0,0
1,100,0
1,200,0
1,300,0
1,400,0
1,500,0
1,600,0
1,700,0
1,800,0
1,900,0
1,1000,0
1,1100,0
1,1200,0
1,1300,0
1,1400,0
1,1500,0
1,1600,0
1,1700,0
1,1800,0
1,1900,0
1,2000,0
1,2100,0
1,2200,0
1,2300,0
1,0,0
1,100,0
1,200,0
1,300,0
1,400,0
1,500,0
1,600,0
1,700,0
1,800,0
1,900,0
1,1000,0
1,1100,0
1,1200,0
1,1300,0
1,1400,0
1,1500,0
1,1600,0
1,1700,0
1,1800,0
1,1900,0
1,2000,0
1,2100,0
1,2200,0
1,2300,0
1,0,0
1,100,0
1,200,0
1,300,0
1,400,0
1,500,0
1,600,0
1,700,0
1,800,0
1,900,0
1,1000,0
1,1100,0
1,1200,0
1,1300,0
1,1400,0
1,1500,0
1,1600,0
1,1700,0
1,1800,0
1,1900,0
1,2000,0
1,2100,0
1,2200,0
1,2300,0
1,0,0
1,100,0
1,200,0
1,300,0
1,400,0
1,500,0
1,600,0
1,700,0
1,800,0
1,900,0
1,1000,0
1,1100,0
1,1200,0
1,1300,0
1,1400,0
1,1500,0
1,1600,0
1,1700,0
1,1800,0
1,1900,0
1,2000,0
1,2100,0
1,2200,0
1,2300,0
1,0,0
1,100,0
1,200,0
1,300,0
1,400,0
1,500,0
1,600,0
1,700,0
1,800,0
1,900,0
1,1000,0
1,1100,0
1,1200,0
1,1300,0
1,1400,0
1,1500,0
1,1600,0
1,1700,0
1,1800,0
1,1900,0
1,2000,0
1,2100,0
1,2200,0
1,2300,0
1,0,0
1,100,0
1,200,0
1,300,0
1,400,0
1,500,0
1,600,0
1,700,0
1,800,0
1,900,0
1,1000,0
1,1100,0
1,1200,0
1,1300,0
1,1400,0
1,1500,0
1,1600,0
1,1700,0
1,1800,0
1,1900,0
1,2000,0
1,2100,0
1,2200,0
1,2300,0
1,0,0
1,100,0
1,200,0
1,300,0
1,400,0
1,500,0
1,600,0
1,700,0
1,800,0
1,900,0
1,1000,0
1,1100,0
1,1200,0
1,1300,0
1,1400,0
1,1500,0
1,1600,0
1,1700,0
1,1800,0
1,1900,0
1,2000,0
1,2100,0
1,2200,0
1,2300,0
1,0,0
1,100,0
1,200,0
1,300,0
1,400,0
1,500,0
1,600,0
1,700,0
1,800,0
1,900,0
1,1000,0
1,1100,0
1,1200,0
1,1300,0
1,1400,0
1,1500,0
1,1600,0
1,1700,0
1,1800,0
1,1900,0
1,2000,0
1,2100,0
1,2200,0
1,2300,0
1,0,0
1,100,0
1,200,0
1,300,0
1,400,0
1,500,0
1,600,0
1,700,0
1,800,0
1,900,0.2
1,1000,0.2
1,1100,0.6
1,1200,0.4
1,1300,0.2
1,1400,0.1
1,1500,0
1,1600,0
1,1700,0
1,1800,0
1,1900,0.2
1,2000,0.6
1,2100,0.1
1,2200,0.2
1,2300,0.1
1,0,0
1,100,0
1,200,0
1,300,0
1,400,0
1,500,0
1,600,0
1,700,0
1,800,0
1,900,0
1,1000,0
1,1100,0
1,1200,0
1,1300,0
1,1400,0
1,1500,0
1,1600,0
1,1700,0
1,1800,0
1,1900,0
1,2000,0
1,2100,0
1,2200,0
1,2300,0
1,0,0.2
1,100,0
1,200,0
1,300,0.1
1,400,0
1,500,0
1,600,0
1,700,0
1,800,0
1,900,0
1,1000,0
1,1100,0
1,1200,0
1,1300,0
1,1400,0
1,1500,0
1,1600,0
1,1700,0
1,1800,0
1,1900,0
1,2000,0
1,2100,0
1,2200,0
1,2300,0
1,0,0
1,100,0
1,200,0
1,300,0
1,400,0
1,500,0
1,600,0
1,700,0
1,800,0
1,900,0
1,1000,0
1,1100,0
1,1200,0
1,1300,0
1,1400,0
1,1500,0
1,1600,0
1,1700,0
1,1800,0
1,1900,0
1,2000,0
1,2100,0
1,2200,0
1,2300,0
1,0,0
1,100,0
1,200,0
1,300,0
1,400,0
1,500,0
1,600,0
1,700,0
1,800,0
1,900,0
1,1000,0
1,1100,0
1,1200,0
1,1300,0
1,1400,0
1,1500,0
1,1600,0
1,1700,0
1,1800,0
1,1900,0
1,2000,1.3
1,2100,0.9
1,2200,0.6
1,2300,1.6
1,0,1
1,100,0.5
1,200,1.5
1,300,2.3
1,400,1.2
1,500,0.6
1,600,0.3
1,700,0.1
1,800,0
1,900,0
1,1000,0
1,1100,0
1,1200,0
1,1300,0
1,1400,0
1,1500,0
1,1600,0
1,1700,0
1,1800,0
1,1900,0
1,2000,0
1,2100,0
1,2200,0
1,2300,0
1,0,0
1,100,0
1,200,0
1,300,0
1,400,0
1,500,0
1,600,0
1,700,0
1,800,0
1,900,0
1,1000,0
1,1100,0
1,1200,0
1,1300,0
1,1400,0
1,1500,0
1,1600,0
1,1700,0
1,1800,0
1,1900,0
1,2000,0
1,2100,0
1,2200,0
1,2300,0
1,0,0
1,100,0
1,200,0
1,300,0
1,400,0
1,500,0
1,600,0
1,700,0
1,800,0
1,900,0
1,1000,0
1,1100,0
1,1200,0
1,1300,0
1,1400,0
1,1500,0
1,1600,0
1,1700,0
1,1800,0
1,1900,0
1,2000,0
1,2100,0
1,2200,0
1,2300,0
1,0,0
1,100,0
1,200,0
1,300,0
1,400,0
1,500,0
1,600,0
1,700,0
1,800,0
1,900,0
1,1000,0
1,1100,0
1,1200,0
1,1300,0
1,1400,0
1,1500,0
1,1600,0
1,1700,0
1,1800,0
1,1900,0
1,2000,0
1,2100,0
1,2200,0
1,2300,0
1,0,0
1,100,0
1,200,0
1,300,0
1,400,0
1,500,0
1,600,0
1,700,0
1,800,0
1,900,0
1,1000,0
1,1100,0
1,1200,0
1,1300,0
1,1400,0
1,1500,0
1,1600,0
1,1700,0
1,1800,0
1,1900,0
1,2000,0
1,2100,0
1,2200,0
1,2300,0
1,0,0
1,100,0
1,200,0
1,300,0
1,400,0
1,500,0
1,600,0
1,700,0
1,800,0
1,900,0
1,1000,0
1,1100,0
1,1200,0
1,1300,0
1,1400,0
1,1500,0.5
1,1600,1
1,1700,2.7
1,1800,5.3
1,1900,2.2
1,2000,2.8
1,2100,3.6
1,2200,1.1
1,2300,0.4
2,0,0
2,100,0
2,200,0
2,300,0
2,400,0
2,500,0
2,600,0
2,700,0
2,800,0
2,900,0
2,1000,0
2,1100,0
2,1200,0
2,1300,0
2,1400,0
2,1500,0
2,1600,0
2,1700,0
2,1800,0
2,1900,0
2,2000,0
2,2100,0
2,2200,0
2,2300,0
2,0,0
2,100,0
2,200,0
2,300,0
2,400,0
2,500,0
2,600,0
2,700,0
2,800,0
2,900,0
2,1000,0
2,1100,0
2,1200,0
2,1300,0
2,1400,0
2,1500,0
2,1600,0
2,1700,0
2,1800,0
2,1900,0
2,2000,0
2,2100,0
2,2200,0
2,2300,0
2,0,0
2,100,0
2,200,0
2,300,0
2,400,0
2,500,0
2,600,0
2,700,0
2,800,0
2,900,0
2,1000,0
2,1100,0
2,1200,0
2,1300,0
2,1400,0
2,1500,0
2,1600,0
2,1700,0
2,1800,0
2,1900,0
2,2000,0
2,2100,0
2,2200,0
2,2300,0
2,0,0
2,100,0
2,200,0
2,300,0
2,400,0
2,500,0
2,600,0
2,700,0
2,800,0
2,900,0
2,1000,0
2,1100,0
2,1200,0
2,1300,0
2,1400,0
2,1500,0
2,1600,0
2,1700,0
2,1800,0
2,1900,0
2,2000,0
2,2100,0
2,2200,0
2,2300,0
2,0,0
2,100,0
2,200,0
2,300,0
2,400,0
2,500,0
2,600,0
2,700,0
2,800,0
2,900,0
2,1000,0
2,1100,0
2,1200,0
2,1300,0
2,1400,0
2,1500,0
2,1600,0
2,1700,0
2,1800,0
2,1900,0
2,2000,0
2,2100,0
2,2200,0
2,2300,0
2,0,0
2,100,0
2,200,0
2,300,0
2,400,0
2,500,0
2,600,0
2,700,0
2,800,0
2,900,0
2,1000,0
2,1100,0
2,1200,0
2,1300,0
2,1400,0
2,1500,0
2,1600,0
2,1700,0
2,1800,0
2,1900,0
2,2000,0
2,2100,0
2,2200,0
2,2300,0
2,0,0
2,100,0
2,200,0
2,300,0
2,400,0
2,500,0
2,600,0
2,700,0
2,800,0
2,900,0
2,1000,0
2,1100,0
2,1200,0
2,1300,0
2,1400,0
2,1500,0
2,1600,0
2,1700,0
2,1800,0
2,1900,0
2,2000,0
2,2100,0
2,2200,0
2,2300,0
2,0,0
2,100,0
2,200,0
2,300,0
2,400,0
2,500,0
2,600,0
2,700,0
2,800,0
2,900,0
2,1000,0
2,1100,0
2,1200,0
2,1300,0
2,1400,0
2,1500,0
2,1600,0
2,1700,0
2,1800,0
2,1900,0
2,2000,0
2,2100,0
2,2200,0
2,2300,0
2,0,0
2,100,0
2,200,0
2,300,0
2,400,0
2,500,0
2,600,0
2,700,0
2,800,0
2,900,0
2,1000,0
2,1100,0
2,1200,0
2,1300,0
2,1400,0
2,1500,0
2,1600,0
2,1700,0
2,1800,0
2,1900,0
2,2000,0
2,2100,0
2,2200,0
2,2300,0
2,0,0
2,100,0
2,200,0
2,300,0
2,400,0
2,500,0
2,600,0
2,700,0
2,800,0
2,900,0
2,1000,0
2,1100,0
2,1200,0
2,1300,0
2,1400,0
2,1500,0
2,1600,0
2,1700,0
2,1800,0
2,1900,0
2,2000,0
2,2100,0
2,2200,0
2,2300,0
2,0,0
2,100,0
2,200,0
2,300,0
2,400,0
2,500,0
2,600,0
2,700,0
2,800,0
2,900,0
2,1000,0
2,1100,0
2,1200,0
2,1300,0
2,1400,0
2,1500,0
2,1600,0
2,1700,0
2,1800,0
2,1900,0
2,2000,0
2,2100,0
2,2200,0
2,2300,0
2,0,0
2,100,0
2,200,0
2,300,0
2,400,0
2,500,0
2,600,0
2,700,0
2,800,0
2,900,0
2,1000,0
2,1100,0
2,1200,0
2,1300,0
2,1400,0
2,1500,0
2,1600,0
2,1700,0
2,1800,0
2,1900,0
2,2000,0
2,2100,0
2,2200,0
2,2300,0
2,0,0
2,100,0
2,200,0
2,300,0
2,400,0
2,500,0
2,600,0
2,700,0
2,800,0
2,900,0
2,1000,0
2,1100,0
2,1200,0
2,1300,0
2,1400,0
2,1500,0
2,1600,0
2,1700,0
2,1800,0
2,1900,0
2,2000,0
2,2100,0
2,2200,0
2,2300,0
2,0,0
2,100,2
2,200,0.7
2,300,0
2,400,0.1
2,500,0
2,600,0
2,700,0
2,800,0
2,900,0.2
2,1000,1.9
2,1100,3.4
2,1200,2.4
2,1300,1.1
2,1400,0.3
2,1500,0.1
2,1600,0
2,1700,0
2,1800,0
2,1900,0
2,2000,0.2
2,2100,0
2,2200,0
2,2300,0
2,0,0
2,100,0
2,200,0
2,300,0
2,400,0
2,500,0
2,600,0
2,700,0
2,800,0
2,900,0
2,1000,0
2,1100,0
2,1200,0
2,1300,0
2,1400,0
2,1500,0
2,1600,0
2,1700,0
2,1800,0
2,1900,0
2,2000,0
2,2100,0
2,2200,0
2,2300,0
2,0,0
2,100,0
2,200,0
2,300,0
2,400,0
2,500,0
2,600,0
2,700,0
2,800,0
2,900,0
2,1000,0
2,1100,0
2,1200,0
2,1300,0
2,1400,0
2,1500,0
2,1600,0
2,1700,0
2,1800,0
2,1900,0
2,2000,0
2,2100,0
2,2200,0
2,2300,0
2,0,0
2,100,0
2,200,0
2,300,0
2,400,0
2,500,0
2,600,0
2,700,0
2,800,0
2,900,0
2,1000,0
2,1100,0
2,1200,0
2,1300,0
2,1400,0
2,1500,0
2,1600,0
2,1700,0
2,1800,0
2,1900,0
2,2000,0
2,2100,0
2,2200,0
2,2300,0
2,0,0
2,100,0
2,200,0
2,300,0
2,400,0
2,500,0
2,600,0
2,700,0
2,800,0
2,900,0
2,1000,0
2,1100,0
2,1200,0
2,1300,0
2,1400,0
2,1500,0
2,1600,0
2,1700,0
2,1800,0
2,1900,0
2,2000,0
2,2100,0
2,2200,0
2,2300,0
2,0,0
2,100,0
2,200,0
2,300,0
2,400,0
2,500,0
2,600,0
2,700,0
2,800,0
2,900,0
2,1000,0
2,1100,0
2,1200,0
2,1300,0
2,1400,0
2,1500,0
2,1600,0
2,1700,0
2,1800,0
2,1900,0
2,2000,0
2,2100,0
2,2200,0
2,2300,0
2,0,0
2,100,0
2,200,0
2,300,0
2,400,0
2,500,0
2,600,0
2,700,0
2,800,0
2,900,0
2,1000,0
2,1100,0
2,1200,0
2,1300,0
2,1400,0
2,1500,0
2,1600,0
2,1700,0
2,1800,0
2,1900,0
2,2000,0
2,2100,0
2,2200,0
2,2300,0
2,0,0
2,100,0
2,200,0
2,300,0
2,400,0
2,500,0
2,600,0
2,700,0
2,800,0
2,900,0
2,1000,0
2,1100,0
2,1200,0
2,1300,0
2,1400,0
2,1500,0
2,1600,0
2,1700,0
2,1800,0
2,1900,0
2,2000,0
2,2100,0
2,2200,0
2,2300,0
2,0,0
2,100,0
2,200,0
2,300,0
2,400,0
2,500,0
2,600,0
2,700,0
2,800,0
2,900,0
2,1000,0
2,1100,0
2,1200,0
2,1300,0
2,1400,0
2,1500,0
2,1600,0
2,1700,0
2,1800,0
2,1900,0
2,2000,0
2,2100,0
2,2200,0
2,2300,0
2,0,0
2,100,0
2,200,0
2,300,0
2,400,0
2,500,0
2,600,0
2,700,0
2,800,0
2,900,0
2,1000,0
2,1100,0
2,1200,0
2,1300,0
2,1400,0
2,1500,0
2,1600,0
2,1700,0
2,1800,0
2,1900,0
2,2000,0
2,2100,0
2,2200,0
2,2300,0
2,0,0
2,100,0
2,200,0
2,300,0
2,400,0
2,500,0
2,600,0
2,700,0
2,800,0
2,900,0
2,1000,0
2,1100,0
2,1200,0
2,1300,0
2,1400,0
2,1500,0
2,1600,0
2,1700,0
2,1800,0
2,1900,0
2,2000,0
2,2100,0
2,2200,0
2,2300,0
2,0,0
2,100,0
2,200,0
2,300,0
2,400,0
2,500,0
2,600,0
2,700,0
2,800,0
2,900,0.8
2,1000,0.1
2,1100,0
2,1200,0
2,1300,0
2,1400,0.1
2,1500,0.1
2,1600,0.5
2,1700,0.6
2,1800,0.5
2,1900,0.6
2,2000,1
2,2100,0.2
2,2200,0
2,2300,0
2,0,0
2,100,0
2,200,0
2,300,0
2,400,0
2,500,0
2,600,0
2,700,0
2,800,0
2,900,0
2,1000,0
2,1100,0
2,1200,0
2,1300,0
2,1400,0
2,1500,0
2,1600,0
2,1700,0
2,1800,0
2,1900,0
2,2000,0
2,2100,0
2,2200,0
2,2300,0
2,0,0
2,100,0
2,200,0
2,300,0
2,400,0
2,500,0
2,600,0
2,700,0
2,800,0
2,900,0
2,1000,0
2,1100,0
2,1200,0
2,1300,0
2,1400,0
2,1500,0
2,1600,0
2,1700,0
2,1800,0
2,1900,0
2,2000,0
2,2100,0
2,2200,0
2,2300,0
2,0,0
2,100,0
2,200,0
2,300,0
2,400,0
2,500,0
2,600,0
2,700,0
2,800,0
2,900,0
2,1000,0
2,1100,0
2,1200,0
2,1300,0
2,1400,0
2,1500,0
2,1600,0
2,1700,0
2,1800,0
2,1900,0
2,2000,0
2,2100,0
2,2200,0
2,2300,0
,,
3,0,0
3,100,0
3,200,0.2
3,300,1
3,400,1
3,500,1.7
3,600,2.5
3,700,2.8
3,800,6.1
3,900,10.9
3,1000,4.8
3,1100,2.2
3,1200,6.9
3,1300,6.5
3,1400,7
3,1500,3.4
3,1600,2.4
3,1700,1.5
3,1800,1.2
3,1900,0.1
3,2000,0
3,2100,0
3,2200,0
3,2300,0
3,0,0
3,100,0
3,200,0
3,300,0
3,400,0
3,500,0
3,600,0
3,700,0
3,800,0
3,900,0
3,1000,0
3,1100,0
3,1200,0
3,1300,0
3,1400,0
3,1500,0
3,1600,0
3,1700,0
3,1800,0
3,1900,0
3,2000,0
3,2100,0
3,2200,0
3,2300,0
3,0,0
3,100,0
3,200,0
3,300,0
3,400,0
3,500,0
3,600,0
3,700,0
3,800,0
3,900,0
3,1000,0
3,1100,0
3,1200,0
3,1300,0
3,1400,0
3,1500,0
3,1600,0
3,1700,0
3,1800,0
3,1900,0
3,2000,0
3,2100,0
3,2200,0
3,2300,0
3,0,0
3,100,0
3,200,0
3,300,0
3,400,0
3,500,0
3,600,0
3,700,0
3,800,0.4
3,900,0.6
3,1000,0.3
3,1100,0.1
3,1200,0.4
3,1300,0.8
3,1400,0.7
3,1500,0.8
3,1600,0
3,1700,0
3,1800,0
3,1900,0
3,2000,0
3,2100,0
3,2200,0
3,2300,0
3,0,0
3,100,0
3,200,0
3,300,0
3,400,0
3,500,0
3,600,0
3,700,0
3,800,0
3,900,0
3,1000,0
3,1100,0
3,1200,0
3,1300,0
3,1400,0
3,1500,0
3,1600,0
3,1700,0
3,1800,0
3,1900,0
3,2000,0
3,2100,0
3,2200,0
3,2300,0
3,0,0
3,100,0
3,200,0
3,300,0
3,400,0
3,500,0
3,600,0
3,700,0
3,800,0
3,900,0
3,1000,0
3,1100,0
3,1200,0
3,1300,0
3,1400,0
3,1500,0
3,1600,0
3,1700,0
3,1800,0
3,1900,0
3,2000,0
3,2100,0
3,2200,0
3,2300,0
3,0,0
3,100,0
3,200,0
3,300,0
3,400,0
3,500,0
3,600,0
3,700,0
3,800,0
3,900,0
3,1000,0
3,1100,0
3,1200,0
3,1300,0
3,1400,0
3,1500,0
3,1600,0
3,1700,0
3,1800,0
3,1900,0
3,2000,0
3,2100,0
3,2200,0
3,2300,0
3,0,0
3,100,0
3,200,0
3,300,0
3,400,0
3,500,0
3,600,0
3,700,0
3,800,0
3,900,0
3,1000,0
3,1100,0
3,1200,0
3,1300,0
3,1400,0
3,1500,0
3,1600,0
3,1700,0
3,1800,0
3,1900,0
3,2000,0
3,2100,0
3,2200,0
3,2300,0
3,0,0
3,100,0
3,200,0
3,300,0
3,400,0
3,500,0
3,600,0
3,700,0
3,800,0
3,900,0
3,1000,0
3,1100,0
3,1200,0
3,1300,0
3,1400,0
3,1500,0
3,1600,0
3,1700,0
3,1800,0
3,1900,0
3,2000,0
3,2100,0
3,2200,0
3,2300,0
3,0,0
3,100,0
3,200,0
3,300,0
3,400,0
3,500,0
3,600,0
3,700,0
3,800,0
3,900,0
3,1000,0
3,1100,0
3,1200,0
3,1300,0
3,1400,0
3,1500,0
3,1600,0
3,1700,0
3,1800,0
3,1900,0
3,2000,0
3,2100,0
3,2200,0
3,2300,0
3,0,0
3,100,0
3,200,0
3,300,0
3,400,0
3,500,0
3,600,0
3,700,0
3,800,0
3,900,0
3,1000,0
3,1100,0
3,1200,0
3,1300,0
3,1400,0
3,1500,0.1
3,1600,0.2
3,1700,0.9
3,1800,1.4
3,1900,1.8
3,2000,1.8
3,2100,5.3
3,2200,3.4
3,2300,1.6
3,0,0.5
3,100,0
3,200,0.7
3,300,0.4
3,400,0.4
3,500,0.6
3,600,2
3,700,0.9
3,800,0
3,900,0
3,1000,0
3,1100,0
3,1200,0
3,1300,0
3,1400,0
3,1500,0
3,1600,0
3,1700,0
3,1800,0
3,1900,0
3,2000,0
3,2100,0
3,2200,0
3,2300,0
3,0,0
3,100,0
3,200,0
3,300,0
3,400,0
3,500,0
3,600,0
3,700,0
3,800,0
3,900,0
3,1000,0
3,1100,0
3,1200,0
3,1300,0
3,1400,0
3,1500,0
3,1600,0
3,1700,0
3,1800,0
3,1900,0
3,2000,0
3,2100,0
3,2200,0
3,2300,0
3,0,0
3,100,0
3,200,0
3,300,0
3,400,0
3,500,0
3,600,0
3,700,0
3,800,0
3,900,0
3,1000,0
3,1100,0
3,1200,0
3,1300,0
3,1400,0
3,1500,0
3,1600,0
3,1700,0
3,1800,0
3,1900,0
3,2000,0
3,2100,0
3,2200,0
3,2300,0
3,0,0
3,100,0
3,200,0
3,300,0
3,400,0
3,500,0
3,600,0
3,700,0
3,800,0
3,900,0
3,1000,0
3,1100,0
3,1200,0
3,1300,0
3,1400,0
3,1500,0
3,1600,0.1
3,1700,0.7
3,1800,1
3,1900,0.4
3,2000,0
3,2100,0
3,2200,0
3,2300,0
3,0,0
3,100,0
3,200,0
3,300,0
3,400,0
3,500,0
3,600,0
3,700,0
3,800,0
3,900,0
3,1000,0
3,1100,0
3,1200,0
3,1300,0
3,1400,0
3,1500,0
3,1600,0
3,1700,0
3,1800,0
3,1900,0
3,2000,0
3,2100,0
3,2200,0
3,2300,0
3,0,0
3,100,0
3,200,0
3,300,0
3,400,0
3,500,0
3,600,0
3,700,0
3,800,0
3,900,0
3,1000,0
3,1100,0
3,1200,0
3,1300,0
3,1400,0
3,1500,0
3,1600,0
3,1700,0
3,1800,0
3,1900,0
3,2000,0
3,2100,0
3,2200,0
3,2300,0
3,0,0
3,100,0
3,200,0
3,300,0
3,400,0
3,500,0
3,600,0
3,700,0
3,800,0
3,900,0
3,1000,0
3,1100,0
3,1200,0
3,1300,0
3,1400,0
3,1500,0
3,1600,0
3,1700,0
3,1800,0
3,1900,0
3,2000,0
3,2100,0
3,2200,0
3,2300,0
3,0,0
3,100,0
3,200,0
3,300,0
3,400,0
3,500,0
3,600,0
3,700,0
3,800,0
3,900,0
3,1000,0
3,1100,0
3,1200,0
3,1300,0
3,1400,0
3,1500,0
3,1600,0
3,1700,0
3,1800,0.1
3,1900,1.6
3,2000,0.5
3,2100,0.2
3,2200,0
3,2300,0.6
3,0,0.7
3,100,1.2
3,200,0.5
3,300,0.4
3,400,0.1
3,500,0
3,600,0
3,700,0.1
3,800,0
3,900,0
3,1000,0
3,1100,0
3,1200,0
3,1300,0
3,1400,0
3,1500,0
3,1600,0
3,1700,0
3,1800,0
3,1900,0
3,2000,0
3,2100,0
3,2200,0
3,2300,0
3,0,0
3,100,0
3,200,0
3,300,0
3,400,0
3,500,0
3,600,0
3,700,0
3,800,0
3,900,0
3,1000,0
3,1100,0
3,1200,0
3,1300,0
3,1400,0
3,1500,0
3,1600,0
3,1700,0
3,1800,0
3,1900,0
3,2000,0
3,2100,0
3,2200,0
3,2300,0
3,0,0
3,100,0
3,200,0
3,300,0
3,400,0
3,500,0
3,600,0
3,700,0
3,800,0
3,900,0
3,1000,0
3,1100,0
3,1200,0
3,1300,0
3,1400,0
3,1500,0
3,1600,0
3,1700,0
3,1800,0
3,1900,0
3,2000,0
3,2100,0
3,2200,0
3,2300,0
3,0,0
3,100,0
3,200,0
3,300,0
3,400,0
3,500,0
3,600,0
3,700,0
3,800,0
3,900,0
3,1000,0
3,1100,0
3,1200,0
3,1300,0
3,1400,0
3,1500,0
3,1600,0
3,1700,0
3,1800,0
3,1900,0
3,2000,0
3,2100,0
3,2200,0
3,2300,0
3,0,0
3,100,0
3,200,0
3,300,0
3,400,0
3,500,0
3,600,0
3,700,0
3,800,0
3,900,0
3,1000,0
3,1100,0
3,1200,0
3,1300,0
3,1400,0
3,1500,-1
3,1600,0
3,1700,0
3,1800,0
3,1900,0
3,2000,0
3,2100,0
3,2200,0
3,2300,0
3,0,0
3,100,0
3,200,0
3,300,0
3,400,0
3,500,0
3,600,0
3,700,0
3,800,0
3,900,0
3,1000,0
3,1100,0
3,1200,0
3,1300,0
3,1400,0
3,1500,0
3,1600,0
3,1700,0
3,1800,0
3,1900,0
3,2000,0
3,2100,0
3,2200,0
3,2300,0
3,0,0
3,100,0
3,200,0
3,300,0
3,400,0
3,500,0
3,600,0
3,700,0
3,800,0
3,900,0
3,1000,0
3,1100,0
3,1200,0
3,1300,0
3,1400,0
3,1500,0
3,1600,0
3,1700,0
3,1800,0
3,1900,0
3,2000,0
3,2100,0
3,2200,0
3,2300,0
3,0,0
3,100,0
3,200,0
3,300,0
3,400,0
3,500,0.2
3,600,0.2
3,700,0.4
3,800,0.4
3,900,6.3
3,1000,8.2
3,1100,10.7
3,1200,12.3
3,1300,7.3
3,1400,8.5
3,1500,7
3,1600,3.8
3,1700,1.5
3,1800,0.2
3,1900,0
3,2000,0
3,2100,0
3,2200,0
3,2300,0
3,0,0
3,100,0
3,200,0
3,300,0
3,400,0
3,500,0
3,600,0
3,700,0
3,800,0
3,900,0
3,1000,0
3,1100,0
3,1200,0
3,1300,0
3,1400,0
3,1500,0
3,1600,0
3,1700,0
3,1800,0
3,1900,0
3,2000,0
3,2100,0
3,2200,0
3,2300,0
3,0,0
3,100,0
3,200,0
3,300,0
3,400,0
3,500,0
3,600,0
3,700,0
3,800,0
3,900,0
3,1000,0
3,1100,0
3,1200,0
3,1300,0
3,1400,0
3,1500,0
3,1600,0
3,1700,0
3,1800,0
3,1900,0
3,2000,0
3,2100,0
3,2200,0
3,2300,0
3,0,0
3,100,0
3,200,0
3,300,0
3,400,0
3,500,0
3,600,0
3,700,0
3,800,0
3,900,0
3,1000,0
3,1100,0
3,1200,0
3,1300,0
3,1400,0
3,1500,0
3,1600,0
3,1700,0
3,1800,0
3,1900,0
3,2000,0
3,2100,0
3,2200,0
3,2300,0
3,0,0
3,100,0
3,200,0
3,300,0
3,400,0
3,500,0
3,600,0
3,700,0
3,800,0
3,900,0
3,1000,0
3,1100,0
3,1200,0
3,1300,0
3,1400,0
3,1500,0
3,1600,0
3,1700,0
3,1800,0
3,1900,0
3,2000,0
3,2100,0
3,2200,0
3,2300,0
4,0,0
4,100,0
4,200,0
4,300,0
4,400,0
4,500,0
4,600,0
4,700,0
4,800,0
4,900,0
4,1000,0
4,1100,0
4,1200,0
4,1300,0
4,1400,0
4,1500,0
4,1600,0
4,1700,0
4,1800,0
4,1900,0
4,2000,0
4,2100,0
4,2200,0
4,2300,0
4,0,0
4,100,0
4,200,0
4,300,0
4,400,0
4,500,0
4,600,0
4,700,0
4,800,0
4,900,0
4,1000,0
4,1100,0
4,1200,0
4,1300,0
4,1400,0
4,1500,0
4,1600,0
4,1700,0
4,1800,0
4,1900,0
4,2000,0
4,2100,0
4,2200,0
4,2300,0
4,0,0
4,100,0
4,200,0
4,300,0.3
4,400,2.1
4,500,2.3
4,600,2.6
4,700,2.3
4,800,1.6
4,900,4.8
4,1000,5.1
4,1100,5
4,1200,3.3
4,1300,1.7
4,1400,0.9
4,1500,0
4,1600,0.2
4,1700,0.1
4,1800,0
4,1900,2.4
4,2000,5
4,2100,6.1
4,2200,1.8
4,2300,0.9
4,0,0
4,100,0
4,200,0
4,300,0
4,400,0
4,500,0
4,600,0
4,700,0
4,800,0
4,900,0
4,1000,0
4,1100,0
4,1200,0
4,1300,0
4,1400,0
4,1500,0
4,1600,0
4,1700,0
4,1800,0
4,1900,0
4,2000,0
4,2100,0
4,2200,0
4,2300,0
4,0,0
4,100,0
4,200,0
4,300,0
4,400,0
4,500,0
4,600,0
4,700,0
4,800,0
4,900,0
4,1000,0
4,1100,0
4,1200,0
4,1300,0
4,1400,0
4,1500,0
4,1600,0
4,1700,0
4,1800,0
4,1900,0
4,2000,0
4,2100,0
4,2200,0
4,2300,0
4,0,0
4,100,0
4,200,0
4,300,0
4,400,0
4,500,0
4,600,0
4,700,0
4,800,0
4,900,0
4,1000,0
4,1100,0
4,1200,0
4,1300,0
4,1400,0
4,1500,0
4,1600,0
4,1700,0
4,1800,0
4,1900,0
4,2000,0
4,2100,0
4,2200,0
4,2300,0
4,0,0
4,100,0
4,200,0
4,300,0
4,400,0
4,500,0
4,600,0
4,700,0
4,800,0
4,900,0
4,1000,0
4,1100,0
4,1200,0
4,1300,0
4,1400,0
4,1500,0
4,1600,0
4,1700,0
4,1800,0
4,1900,0
4,2000,0
4,2100,0
4,2200,0
4,2300,0
4,0,0
4,100,0
4,200,0
4,300,0
4,400,0
4,500,0
4,600,0
4,700,0
4,800,0
4,900,0
4,1000,0
4,1100,0
4,1200,0
4,1300,0
4,1400,0
4,1500,0
4,1600,0
4,1700,0
4,1800,0
4,1900,0
4,2000,0
4,2100,0
4,2200,0
4,2300,0
4,0,0
4,100,0
4,200,0
4,300,0
4,400,0
4,500,0
4,600,0
4,700,0
4,800,0
4,900,0
4,1000,0
4,1100,0
4,1200,0
4,1300,0
4,1400,0
4,1500,0
4,1600,0
4,1700,0
4,1800,0
4,1900,0
4,2000,0
4,2100,0
4,2200,0
4,2300,0
4,0,0
4,100,0
4,200,0
4,300,0
4,400,0
4,500,0
4,600,0
4,700,0
4,800,0
4,900,0
4,1000,0
4,1100,0
4,1200,0
4,1300,0
4,1400,0
4,1500,0
4,1600,0
4,1700,0
4,1800,0
4,1900,0
4,2000,0
4,2100,0
4,2200,0
4,2300,0
4,0,0
4,100,0
4,200,0
4,300,0
4,400,0
4,500,0
4,600,0
4,700,0
4,800,0
4,900,0
4,1000,0
4,1100,0
4,1200,0
4,1300,0
4,1400,0
4,1500,0
4,1600,0
4,1700,0
4,1800,0
4,1900,0
4,2000,0
4,2100,0
4,2200,0
4,2300,0
4,0,1.2
4,100,0
4,200,0.2
4,300,0.3
4,400,0.5
4,500,0.7
4,600,0.3
4,700,3.6
4,800,1.2
4,900,2.1
4,1000,2
4,1100,3.1
4,1200,2.9
4,1300,4.1
4,1400,2.9
4,1500,3.6
4,1600,5.1
4,1700,1.7
4,1800,0
4,1900,0
4,2000,0
4,2100,0
4,2200,0
4,2300,0
4,0,0
4,100,0
4,200,0
4,300,0
4,400,0
4,500,0
4,600,0
4,700,0
4,800,0
4,900,0
4,1000,0
4,1100,0
4,1200,0
4,1300,0
4,1400,0
4,1500,0
4,1600,0
4,1700,0
4,1800,0
4,1900,0
4,2000,0
4,2100,0
4,2200,0
4,2300,0
4,0,0
4,100,0
4,200,0
4,300,0
4,400,0
4,500,0
4,600,0
4,700,0
4,800,0
4,900,0
4,1000,0
4,1100,0
4,1200,0
4,1300,0
4,1400,0
4,1500,0
4,1600,0
4,1700,0
4,1800,0
4,1900,0
4,2000,0
4,2100,0
4,2200,0
4,2300,0
4,0,0
4,100,0
4,200,0
4,300,0
4,400,0
4,500,0
4,600,0
4,700,0
4,800,0
4,900,0
4,1000,0
4,1100,0
4,1200,0
4,1300,0
4,1400,0
4,1500,0
4,1600,0
4,1700,0
4,1800,0
4,1900,0
4,2000,0
4,2100,0
4,2200,0
4,2300,0
4,0,0
4,100,0
4,200,0
4,300,0
4,400,0
4,500,0
4,600,0
4,700,0
4,800,0
4,900,0
4,1000,0
4,1100,0
4,1200,0
4,1300,0
4,1400,0
4,1500,0
4,1600,0
4,1700,0
4,1800,0
4,1900,0
4,2000,0
4,2100,0
4,2200,0
4,2300,0
4,0,0
4,100,0
4,200,0
4,300,0
4,400,0
4,500,0
4,600,0
4,700,0
4,800,0
4,900,0
4,1000,0
4,1100,0
4,1200,0
4,1300,0
4,1400,0
4,1500,0
4,1600,0
4,1700,0
4,1800,0
4,1900,0
4,2000,0
4,2100,0
4,2200,0
4,2300,0
4,0,0
4,100,0
4,200,0
4,300,0
4,400,0
4,500,0
4,600,0
4,700,0
4,800,0
4,900,0
4,1000,0
4,1100,0
4,1200,0
4,1300,0
4,1400,0
4,1500,0
4,1600,0
4,1700,0
4,1800,0
4,1900,0
4,2000,0
4,2100,0
4,2200,0
4,2300,0
4,0,0
4,100,0
4,200,0
4,300,0
4,400,0
4,500,0
4,600,0
4,700,0
4,800,0
4,900,0
4,1000,0
4,1100,0
4,1200,0
4,1300,0
4,1400,0
4,1500,0
4,1600,0
4,1700,0
4,1800,0
4,1900,0
4,2000,0
4,2100,0
4,2200,0
4,2300,0
4,0,0
4,100,0
4,200,0
4,300,0
4,400,0
4,500,0
4,600,0
4,700,0
4,800,0
4,900,0
4,1000,0
4,1100,0
4,1200,0
4,1300,0
4,1400,0
4,1500,0
4,1600,0
4,1700,0
4,1800,0
4,1900,0
4,2000,0
4,2100,0
4,2200,0
4,2300,0
4,0,0
4,100,0
4,200,0
4,300,0
4,400,0
4,500,0
4,600,0
4,700,0
4,800,0
4,900,0
4,1000,0
4,1100,0
4,1200,0
4,1300,0
4,1400,0
4,1500,0
4,1600,0
4,1700,0
4,1800,0
4,1900,0
4,2000,0
4,2100,0
4,2200,0
4,2300,0
4,0,0
4,100,0
4,200,0
4,300,0
4,400,0
4,500,0
4,600,0
4,700,0
4,800,0
4,900,0
4,1000,0
4,1100,0
4,1200,0
4,1300,0
4,1400,0
4,1500,0
4,1600,0
4,1700,0
4,1800,0
4,1900,0
4,2000,0
4,2100,0
4,2200,0
4,2300,0
4,0,0
4,100,0
4,200,0
4,300,0
4,400,0
4,500,0
4,600,0
4,700,0
4,800,0
4,900,0
4,1000,0
4,1100,0
4,1200,0
4,1300,0
4,1400,0
4,1500,0
4,1600,0
4,1700,0
4,1800,0
4,1900,0
4,2000,0
4,2100,0
4,2200,0
4,2300,0
4,0,0
4,100,0
4,200,0
4,300,0
4,400,0
4,500,0
4,600,0
4,700,0
4,800,0
4,900,0
4,1000,0
4,1100,0
4,1200,0
4,1300,0
4,1400,0
4,1500,0
4,1600,0
4,1700,0
4,1800,0
4,1900,0
4,2000,0
4,2100,0
4,2200,0
4,2300,0
4,0,0
4,100,0
4,200,0
4,300,0
4,400,0
4,500,0
4,600,0
4,700,0
4,800,0
4,900,0
4,1000,0
4,1100,0
4,1200,0
4,1300,0
4,1400,0
4,1500,0
4,1600,0
4,1700,0
4,1800,0
4,1900,0
4,2000,0
4,2100,0
4,2200,0
4,2300,0
4,0,0
4,100,0
4,200,0
4,300,0
4,400,0
4,500,0
4,600,0
4,700,0
4,800,0
4,900,0
4,1000,0
4,1100,0
4,1200,0
4,1300,0
4,1400,0
4,1500,0
4,1600,0
4,1700,0
4,1800,0
4,1900,0
4,2000,0
4,2100,0
4,2200,0
4,2300,0
4,0,0
4,100,0
4,200,0
4,300,0
4,400,0
4,500,0
4,600,0
4,700,0
4,800,0
4,900,0
4,1000,0
4,1100,0
4,1200,0
4,1300,0
4,1400,0
4,1500,0
4,1600,0
4,1700,0
4,1800,0
4,1900,0
4,2000,0
4,2100,0
4,2200,0
4,2300,0
4,0,0
4,100,0
4,200,0
4,300,0
4,400,0
4,500,0
4,600,0
4,700,0
4,800,0
4,900,0
4,1000,0
4,1100,0
4,1200,0
4,1300,0
4,1400,0
4,1500,0
4,1600,0
4,1700,0
4,1800,0
4,1900,0
4,2000,0
4,2100,0
4,2200,0
4,2300,0
4,0,0
4,100,0
4,200,0
4,300,0
4,400,0
4,500,0
4,600,0
4,700,0
4,800,0
4,900,0
4,1000,0
4,1100,0
4,1200,0
4,1300,0
4,1400,0
4,1500,0
4,1600,0
4,1700,0
4,1800,0
4,1900,0
4,2000,0
4,2100,0
4,2200,0
4,2300,0
4,0,0
4,100,0
4,200,0
4,300,0
4,400,0
4,500,0
4,600,0
4,700,0
4,800,0
4,900,0
4,1000,0
4,1100,0
4,1200,0
4,1300,0
4,1400,0
4,1500,0.3
4,1600,1.6
4,1700,2.9
4,1800,2.5
4,1900,1.6
4,2000,0.2
4,2100,0
4,2200,0
4,2300,0
5,0,0
5,100,0
5,200,0
5,300,0
5,400,0
5,500,0
5,600,0
5,700,0
5,800,0
5,900,0
5,1000,0
5,1100,0
5,1200,0
5,1300,0
5,1400,0
5,1500,0
5,1600,0
5,1700,0
5,1800,0
5,1900,0
5,2000,0.6
5,2100,0.2
5,2200,0
5,2300,0
5,0,0
5,100,0
5,200,0
5,300,0
5,400,0
5,500,0
5,600,0
5,700,0
5,800,0
5,900,0
5,1000,0
5,1100,0
5,1200,0
5,1300,0
5,1400,0
5,1500,0
5,1600,0
5,1700,0
5,1800,0
5,1900,0
5,2000,0
5,2100,0
5,2200,0
5,2300,0
5,0,0
5,100,0
5,200,0
5,300,0
5,400,0
5,500,0
5,600,0
5,700,0
5,800,0
5,900,0
5,1000,0
5,1100,0
5,1200,0
5,1300,0
5,1400,0
5,1500,0
5,1600,0
5,1700,0
5,1800,0
5,1900,0
5,2000,0
5,2100,0
5,2200,0
5,2300,0
5,0,0
5,100,0
5,200,0
5,300,0
5,400,0.1
5,500,0
5,600,0.1
5,700,0.1
5,800,0.1
5,900,0.7
5,1000,5.3
5,1100,9.7
5,1200,12.2
5,1300,18.200001
5,1400,13
5,1500,1.1
5,1600,0
5,1700,0
5,1800,0
5,1900,0
5,2000,0
5,2100,0
5,2200,0
5,2300,0
5,0,0
5,100,0
5,200,0
5,300,0
5,400,0
5,500,0
5,600,0
5,700,0
5,800,0
5,900,0
5,1000,0
5,1100,0
5,1200,0
5,1300,0
5,1400,0
5,1500,0
5,1600,0
5,1700,0
5,1800,0
5,1900,0
5,2000,0
5,2100,0
5,2200,0
5,2300,0
5,0,0
5,100,0
5,200,0
5,300,0
5,400,0
5,500,0
5,600,0
5,700,0
5,800,0
5,900,0
5,1000,0
5,1100,0
5,1200,0
5,1300,0
5,1400,0
5,1500,0
5,1600,0
5,1700,0
5,1800,0
5,1900,0
5,2000,0
5,2100,0
5,2200,0
5,2300,0
5,0,0
5,100,0
5,200,0
5,300,0
5,400,0
5,500,0
5,600,0
5,700,0
5,800,0
5,900,0
5,1000,0
5,1100,0
5,1200,0
5,1300,0
5,1400,0
5,1500,0
5,1600,0
5,1700,0
5,1800,0
5,1900,0
5,2000,0
5,2100,0
5,2200,0
5,2300,0
5,0,0
5,100,0
5,200,0
5,300,0
5,400,0
5,500,0
5,600,0
5,700,0
5,800,0
5,900,0
5,1000,0
5,1100,0
5,1200,0
5,1300,0
5,1400,0
5,1500,0
5,1600,0
5,1700,0
5,1800,0
5,1900,0
5,2000,0
5,2100,0
5,2200,0
5,2300,0
5,0,0
5,100,0
5,200,0
5,300,0
5,400,0
5,500,0
5,600,0
5,700,0
5,800,0
5,900,0
5,1000,0
5,1100,0
5,1200,0
5,1300,0
5,1400,0
5,1500,0
5,1600,0
5,1700,0
5,1800,0
5,1900,0
5,2000,0
5,2100,0
5,2200,0
5,2300,0
5,0,0
5,100,0
5,200,0
5,300,0
5,400,0
5,500,0
5,600,0
5,700,0
5,800,0
5,900,0
5,1000,0
5,1100,0
5,1200,0
5,1300,0
5,1400,0
5,1500,0
5,1600,0
5,1700,0
5,1800,0
5,1900,0
5,2000,0
5,2100,0
5,2200,0
5,2300,0
5,0,0
5,100,0
5,200,0
5,300,0
5,400,0
5,500,0
5,600,0
5,700,0
5,800,0
5,900,0
5,1000,0
5,1100,0
5,1200,0
5,1300,0
5,1400,0
5,1500,0
5,1600,0
5,1700,0
5,1800,0
5,1900,0
5,2000,0
5,2100,0
5,2200,0
5,2300,0
5,0,0
5,100,0
5,200,0
5,300,0
5,400,0
5,500,0
5,600,0
5,700,0
5,800,0
5,900,0
5,1000,0
5,1100,0
5,1200,0
5,1300,0
5,1400,0
5,1500,0
5,1600,0
5,1700,0
5,1800,0
5,1900,0
5,2000,0
5,2100,0
5,2200,0
5,2300,0
5,0,0
5,100,0
5,200,0
5,300,0
5,400,0
5,500,0
5,600,0
5,700,0
5,800,0
5,900,0
5,1000,0
5,1100,0
5,1200,0
5,1300,0
5,1400,0
5,1500,0
5,1600,0
5,1700,0
5,1800,0
5,1900,0
5,2000,0
5,2100,0
5,2200,0
5,2300,0
5,0,0
5,100,0
5,200,0
5,300,0
5,400,0
5,500,0
5,600,0
5,700,0
5,800,0
5,900,0
5,1000,0
5,1100,0
5,1200,0
5,1300,0
5,1400,0
5,1500,0
5,1600,0
5,1700,0
5,1800,0
5,1900,0
5,2000,0.4
5,2100,1.1
5,2200,0.3
5,2300,3.3
5,0,3
5,100,2.5
5,200,5.6
5,300,0.6
5,400,0
5,500,0
5,600,0
5,700,0
5,800,0
5,900,0
5,1000,0
5,1100,0
5,1200,0
5,1300,0
5,1400,0
5,1500,0.1
5,1600,0
5,1700,0.3
5,1800,0
5,1900,0.1
5,2000,0.1
5,2100,0.1
5,2200,0.1
5,2300,0.2
5,0,0
5,100,0
5,200,9.1
5,300,1.5
5,400,2.6
5,500,1.9
5,600,5.6
5,700,1.9
5,800,0.1
5,900,0.1
5,1000,0
5,1100,0
5,1200,0.3
5,1300,0
5,1400,0
5,1500,0
5,1600,0
5,1700,0
5,1800,0
5,1900,0
5,2000,0
5,2100,0
5,2200,0
5,2300,0
5,0,0
5,100,0
5,200,0.4
5,300,0.5
5,400,0
5,500,0
5,600,0.3
5,700,0.6
5,800,0.3
5,900,0.1
5,1000,0.1
5,1100,1
5,1200,0.4
5,1300,0.1
5,1400,0
5,1500,-1
5,1600,0
5,1700,0.3
5,1800,0.3
5,1900,0
5,2000,0
5,2100,0
5,2200,0
5,2300,0.2
5,0,0.2
5,100,0
5,200,0
5,300,0
5,400,0
5,500,0
5,600,0
5,700,0
5,800,0
5,900,0
5,1000,0
5,1100,0
5,1200,0
5,1300,0
5,1400,0
5,1500,0
5,1600,0
5,1700,0
5,1800,0
5,1900,0
5,2000,0
5,2100,0
5,2200,0
5,2300,0
5,0,0
5,100,0
5,200,0
5,300,0
5,400,0
5,500,0
5,600,0
5,700,0
5,800,0
5,900,0
5,1000,0
5,1100,0
5,1200,0
5,1300,0
5,1400,0
5,1500,0
5,1600,0
5,1700,0
5,1800,0
5,1900,0
5,2000,0
5,2100,0.1
5,2200,1.1
5,2300,2.7
5,0,1.1
5,100,2.3
5,200,8.7
5,300,1.6
5,400,0.5
5,500,-1
5,600,0
5,700,0
5,800,0
5,900,0.2
5,1000,0.1
5,1100,0.3
5,1200,0.5
5,1300,0.5
5,1400,0.3
5,1500,0
5,1600,0
5,1700,0
5,1800,0
5,1900,0
5,2000,0
5,2100,0
5,2200,0
5,2300,0
5,0,0
5,100,0
5,200,0
5,300,0
5,400,0
5,500,0
5,600,0
5,700,0
5,800,0
5,900,0
5,1000,0
5,1100,0
5,1200,0
5,1300,0
5,1400,0
5,1500,0
5,1600,0
5,1700,0
5,1800,0
5,1900,0
5,2000,0
5,2100,0
5,2200,0
5,2300,0
5,0,0
5,100,0
5,200,0
5,300,0
5,400,0
5,500,0
5,600,0
5,700,0
5,800,0
5,900,0
5,1000,0
5,1100,0
5,1200,0
5,1300,0
5,1400,0
5,1500,0
5,1600,0
5,1700,0
5,1800,0
5,1900,0
5,2000,0
5,2100,0
5,2200,0
5,2300,0
5,0,0
5,100,0
5,200,0
5,300,0
5,400,0
5,500,0
5,600,0
5,700,0
5,800,0
5,900,0
5,1000,0
5,1100,0
5,1200,0
5,1300,0
5,1400,0
5,1500,0
5,1600,0
5,1700,0
5,1800,0
5,1900,0
5,2000,0
5,2100,0
5,2200,0.4
5,2300,0.3
5,0,0
5,100,0
5,200,0
5,300,0
5,400,0
5,500,0
5,600,0
5,700,0
5,800,0
5,900,0
5,1000,0
5,1100,0
5,1200,0
5,1300,0
5,1400,0
5,1500,0
5,1600,0
5,1700,0
5,1800,0
5,1900,0
5,2000,0
5,2100,0
5,2200,0
5,2300,0.4
5,0,0
5,100,0
5,200,0
5,300,0
5,400,0
5,500,0
5,600,0
5,700,0
5,800,0
5,900,0
5,1000,0
5,1100,0
5,1200,0
5,1300,0
5,1400,0
5,1500,0
5,1600,0
5,1700,0
5,1800,0
5,1900,0
5,2000,0
5,2100,0
5,2200,0
5,2300,0
5,0,0
5,100,0
5,200,0
5,300,0
5,400,0
5,500,0
5,600,0
5,700,0
5,800,0
5,900,0
5,1000,0
5,1100,0
5,1200,0
5,1300,0
5,1400,0
5,1500,0.2
5,1600,0.3
5,1700,0.7
5,1800,0.4
5,1900,0
5,2000,0
5,2100,0
5,2200,0
5,2300,0
5,0,0
5,100,0
5,200,0
5,300,0
5,400,0
5,500,0
5,600,0
5,700,0
5,800,0
5,900,0
5,1000,0
5,1100,0
5,1200,0
5,1300,0
5,1400,0
5,1500,0
5,1600,0
5,1700,0
5,1800,0
5,1900,0
5,2000,0
5,2100,0
5,2200,0
5,2300,0
5,0,0
5,100,0
5,200,0
5,300,0
5,400,0
5,500,0
5,600,0
5,700,9.9
5,800,0
5,900,0
5,1000,0
5,1100,0
5,1200,0
5,1300,0
5,1400,0
5,1500,0
5,1600,0
5,1700,0
5,1800,0
5,1900,0
5,2000,0
5,2100,0
5,2200,0
5,2300,0
5,0,0
5,100,0
5,200,0
5,300,0
5,400,0
5,500,0
5,600,0
5,700,0
5,800,0
5,900,0
5,1000,0
5,1100,0
5,1200,0
5,1300,0
5,1400,0
5,1500,0
5,1600,0
5,1700,0
5,1800,0
5,1900,0
5,2000,0
5,2100,0
5,2200,0
5,2300,0
5,0,0
5,100,0
5,200,0
5,300,0
5,400,0
5,500,0
5,600,0
5,700,0
5,800,0
5,900,0
5,1000,0
5,1100,0
5,1200,0
5,1300,-1
5,1400,0
5,1500,0
5,1600,0
5,1700,0
5,1800,0
5,1900,0
5,2000,0
5,2100,0.9
5,2200,0
5,2300,0
5,0,0
5,100,0
5,200,0
5,300,0
5,400,0
5,500,0
5,600,0
5,700,0
5,800,0
5,900,0
5,1000,0
5,1100,0
5,1200,0
5,1300,0
5,1400,0
5,1500,-1
5,1600,-1
5,1700,0
5,1800,0
5,1900,0
5,2000,0
5,2100,0
5,2200,0
5,2300,0
6,0,0
6,100,0
6,200,0
6,300,0
6,400,0
6,500,0
6,600,0
6,700,0
6,800,0
6,900,0
6,1000,0
6,1100,0
6,1200,0
6,1300,0
6,1400,0
6,1500,0
6,1600,0
6,1700,0
6,1800,0
6,1900,0
6,2000,0
6,2100,0
6,2200,0
6,2300,0
6,0,0
6,100,0
6,200,0
6,300,0
6,400,0
6,500,0
6,600,0
6,700,0
6,800,0
6,900,0
6,1000,0
6,1100,0
6,1200,0
6,1300,0
6,1400,0
6,1500,0
6,1600,0
6,1700,0
6,1800,0
6,1900,0
6,2000,0
6,2100,0
6,2200,0.2
6,2300,2.2
6,0,2.9
6,100,3.4
6,200,0.4
6,300,1.5
6,400,1.9
6,500,-1
6,600,1.9
6,700,0.7
6,800,0.3
6,900,0.6
6,1000,0.2
6,1100,0.1
6,1200,0
6,1300,0.6
6,1400,1.1
6,1500,0.3
6,1600,0.2
6,1700,0.1
6,1800,0
6,1900,0.3
6,2000,0.8
6,2100,0
6,2200,0
6,2300,0
6,0,0
6,100,0
6,200,0
6,300,0
6,400,0
6,500,0
6,600,0
6,700,0
6,800,0
6,900,0
6,1000,0
6,1100,0
6,1200,0
6,1300,0
6,1400,0
6,1500,0
6,1600,0
6,1700,0
6,1800,0
6,1900,0
6,2000,0
6,2100,0
6,2200,0
6,2300,0
6,0,0
6,100,0
6,200,0
6,300,0
6,400,0
6,500,0
6,600,0
6,700,0
6,800,0
6,900,0
6,1000,0
6,1100,0
6,1200,0
6,1300,0
6,1400,0
6,1500,0
6,1600,0
6,1700,0
6,1800,0
6,1900,0
6,2000,0
6,2100,0
6,2200,0
6,2300,0
6,0,0
6,100,0
6,200,0
6,300,0
6,400,0
6,500,0
6,600,0
6,700,0
6,800,0
6,900,0
6,1000,0
6,1100,0
6,1200,0
6,1300,0
6,1400,0
6,1500,0
6,1600,0
6,1700,0
6,1800,0
6,1900,0
6,2000,0
6,2100,0
6,2200,0
6,2300,0
6,0,0
6,100,0
6,200,0
6,300,0
6,400,0
6,500,0
6,600,0
6,700,0
6,800,0
6,900,0
6,1000,0
6,1100,0
6,1200,0
6,1300,0
6,1400,0
6,1500,0
6,1600,0
6,1700,0
6,1800,0
6,1900,0
6,2000,0
6,2100,0
6,2200,0
6,2300,0
6,0,0
6,100,0
6,200,0
6,300,0
6,400,0
6,500,0
6,600,0
6,700,0
6,800,0
6,900,0
6,1000,0
6,1100,0
6,1200,0
6,1300,0
6,1400,0
6,1500,0
6,1600,0
6,1700,0
6,1800,0
6,1900,0
6,2000,0
6,2100,0
6,2200,0
6,2300,0
6,0,0
6,100,0
6,200,0
6,300,0
6,400,0
6,500,0
6,600,0
6,700,0
6,800,0
6,900,0
6,1000,0
6,1100,0
6,1200,0
6,1300,0
6,1400,0
6,1500,0
6,1600,0
6,1700,0
6,1800,0
6,1900,0
6,2000,0
6,2100,0
6,2200,0
6,2300,0
6,0,0
6,100,0
6,200,0
6,300,0
6,400,0
6,500,0
6,600,0
6,700,0
6,800,0
6,900,0
6,1000,0
6,1100,0
6,1200,0
6,1300,0
6,1400,0
6,1500,0.1
6,1600,0.2
6,1700,0.1
6,1800,0
6,1900,0.7
6,2000,6
6,2100,5.1
6,2200,5
6,2300,1.3
6,0,1.6
6,100,1.7
6,200,1.3
6,300,0.6
6,400,0.6
6,500,1.4
6,600,0.3
6,700,2.5
6,800,-1
6,900,9.3
6,1000,4.7
6,1100,0.7
6,1200,0.5
6,1300,0.4
6,1400,0.1
6,1500,0.2
6,1600,0
6,1700,0.2
6,1800,2.1
6,1900,5.9
6,2000,2.6
6,2100,2.8
6,2200,4.1
6,2300,1.7
6,0,0.8
6,100,0.2
6,200,0
6,300,0.1
6,400,0.4
6,500,0.7
6,600,1.2
6,700,0
6,800,0
6,900,0
6,1000,0.1
6,1100,0.1
6,1200,0
6,1300,0
6,1400,0
6,1500,0
6,1600,0
6,1700,0
6,1800,0
6,1900,0
6,2000,0
6,2100,0
6,2200,0
6,2300,0
6,0,0
6,100,0
6,200,0
6,300,0
6,400,0
6,500,0
6,600,0
6,700,0
6,800,0
6,900,0
6,1000,0
6,1100,0
6,1200,0
6,1300,0
6,1400,0
6,1500,0
6,1600,0
6,1700,0
6,1800,0
6,1900,0
6,2000,0
6,2100,0
6,2200,0
6,2300,0
6,0,0
6,100,0
6,200,0
6,300,0
6,400,0
6,500,0
6,600,0
6,700,0
6,800,0
6,900,0
6,1000,0
6,1100,0
6,1200,0
6,1300,0
6,1400,0
6,1500,0
6,1600,0
6,1700,0
6,1800,0
6,1900,0
6,2000,0
6,2100,0
6,2200,0
6,2300,0
6,0,0
6,100,0
6,200,0
6,300,0
6,400,0.3
6,500,1.3
6,600,3.1
6,700,2.6
6,800,0.8
6,900,0.2
6,1000,0.2
6,1100,0.7
6,1200,1.6
6,1300,1
6,1400,0.3
6,1500,3.6
6,1600,4.8
6,1700,1.4
6,1800,0.1
6,1900,0
6,2000,0
6,2100,0
6,2200,0
6,2300,0
6,0,0
6,100,0
6,200,0
6,300,0
6,400,0
6,500,0
6,600,0
6,700,0
6,800,0
6,900,0
6,1000,0
6,1100,0
6,1200,0
6,1300,0
6,1400,0
6,1500,0
6,1600,0
6,1700,0
6,1800,0
6,1900,0
6,2000,0
6,2100,0
6,2200,0
6,2300,0
6,0,0
6,100,0
6,200,0
6,300,0
6,400,0
6,500,0
6,600,0
6,700,0
6,800,0
6,900,0
6,1000,0
6,1100,0.3
6,1200,0
6,1300,0.6
6,1400,0.3
6,1500,0.1
6,1600,0.1
6,1700,0
6,1800,0.2
6,1900,1.4
6,2000,1.5
6,2100,0.2
6,2200,0
6,2300,0
6,0,0
6,100,0
6,200,0
6,300,0
6,400,0
6,500,0
6,600,0
6,700,0
6,800,0
6,900,0
6,1000,0
6,1100,0
6,1200,0
6,1300,0
6,1400,0
6,1500,0
6,1600,0
6,1700,0
6,1800,0
6,1900,0
6,2000,0
6,2100,0
6,2200,0
6,2300,0
6,0,0
6,100,0
6,200,0
6,300,0
6,400,0
6,500,0
6,600,-1
6,700,0
6,800,0
6,900,0
6,1000,0
6,1100,0
6,1200,0
6,1300,0
6,1400,0
6,1500,0
6,1600,0
6,1700,0
6,1800,0
6,1900,0
6,2000,0
6,2100,0
6,2200,0
6,2300,0
6,0,0
6,100,0
6,200,0
6,300,0
6,400,0
6,500,0
6,600,0
6,700,0
6,800,0
6,900,0
6,1000,0
6,1100,0
6,1200,0
6,1300,0
6,1400,0
6,1500,0
6,1600,0
6,1700,0
6,1800,0
6,1900,0
6,2000,0
6,2100,0
6,2200,0
6,2300,0
6,0,0
6,100,0
6,200,0
6,300,0
6,400,0
6,500,0
6,600,0
6,700,0
6,800,0
6,900,0
6,1000,0
6,1100,0
6,1200,0
6,1300,0
6,1400,0
6,1500,0
6,1600,0
6,1700,0
6,1800,0
6,1900,0
6,2000,0
6,2100,0
6,2200,0
6,2300,0
6,0,0
6,100,0
6,200,0
6,300,0
6,400,0
6,500,0
6,600,0
6,700,0
6,800,0
6,900,0
6,1000,0
6,1100,0.1
6,1200,0.4
6,1300,0
6,1400,0
6,1500,0.2
6,1600,0
6,1700,0
6,1800,0
6,1900,0
6,2000,0
6,2100,0
6,2200,0
6,2300,0
6,0,0
6,100,0
6,200,0
6,300,0
6,400,0
6,500,0
6,600,0
6,700,0
6,800,0
6,900,0
6,1000,0
6,1100,0
6,1200,0
6,1300,0
6,1400,0
6,1500,0
6,1600,0
6,1700,0
6,1800,0
6,1900,0
6,2000,0
6,2100,0
6,2200,0
6,2300,0
6,0,0
6,100,0
6,200,0
6,300,0
6,400,0
6,500,0
6,600,0
6,700,0
6,800,0
6,900,0
6,1000,0
6,1100,0
6,1200,0
6,1300,0
6,1400,0
6,1500,0
6,1600,0
6,1700,0
6,1800,0
6,1900,0
6,2000,0
6,2100,0
6,2200,0
6,2300,0
6,0,0
6,100,0
6,200,0
6,300,0
6,400,0
6,500,0
6,600,0
6,700,0
6,800,0
6,900,0
6,1000,0
6,1100,0
6,1200,0
6,1300,0
6,1400,0
6,1500,0
6,1600,0
6,1700,0
6,1800,0
6,1900,0
6,2000,0
6,2100,0
6,2200,0
6,2300,0.1
6,0,0
6,100,0
6,200,0
6,300,0
6,400,0
6,500,0
6,600,0
6,700,0
6,800,0
6,900,0
6,1000,0
6,1100,0
6,1200,0
6,1300,0
6,1400,0
6,1500,0
6,1600,0
6,1700,0
6,1800,0
6,1900,0
6,2000,0
6,2100,0
6,2200,0
6,2300,0
6,0,0
6,100,0
6,200,0
6,300,0
6,400,0
6,500,0
6,600,0
6,700,0
6,800,0
6,900,0
6,1000,0
6,1100,0
6,1200,0
6,1300,0
6,1400,0
6,1500,0
6,1600,0
6,1700,0
6,1800,0
6,1900,0
6,2000,0
6,2100,0
6,2200,0
6,2300,0
6,0,0
6,100,0
6,200,0
6,300,0
6,400,0
6,500,0
6,600,0
6,700,0
6,800,0
6,900,0
6,1000,0
6,1100,0
6,1200,0
6,1300,0
6,1400,0
6,1500,0
6,1600,0
6,1700,0
6,1800,0
6,1900,0
6,2000,0
6,2100,0
6,2200,0
6,2300,0
6,0,0
6,100,0
6,200,0
6,300,0
6,400,0
6,500,0
6,600,0
6,700,0
6,800,0
6,900,0
6,1000,0
6,1100,0
6,1200,0
6,1300,0
6,1400,0
6,1500,0
6,1600,0
6,1700,0
6,1800,0
6,1900,0
6,2000,0
6,2100,0
6,2200,0
6,2300,0
6,0,0
6,100,0
6,200,0
6,300,0
6,400,0
6,500,0
6,600,0
6,700,0
6,800,0
6,900,0
6,1000,0
6,1100,0
6,1200,0
6,1300,0
6,1400,0
6,1500,0
6,1600,0
6,1700,0
6,1800,0
6,1900,0
6,2000,0
6,2100,0
6,2200,0
6,2300,0
7,0,0
7,100,0
7,200,0
7,300,0
7,400,0
7,500,0
7,600,0
7,700,0
7,800,0
7,900,0
7,1000,0
7,1100,0
7,1200,0
7,1300,0
7,1400,0
7,1500,0
7,1600,0
7,1700,0
7,1800,0
7,1900,0
7,2000,0
7,2100,0
7,2200,0
7,2300,0
7,0,0
7,100,0
7,200,0
7,300,0
7,400,0
7,500,0
7,600,0
7,700,0
7,800,-1
7,900,0
7,1000,0
7,1100,0
7,1200,0
7,1300,0
7,1400,0
7,1500,0
7,1600,0
7,1700,0
7,1800,0
7,1900,0
7,2000,0
7,2100,0
7,2200,0
7,2300,0
7,0,0
7,100,0
7,200,0
7,300,0
7,400,2.6
7,500,7.5
7,600,9.2
7,700,2.8
7,800,1.1
7,900,0.4
7,1000,0
7,1100,0.1
7,1200,4.4
7,1300,3.2
7,1400,3.6
7,1500,18.5
7,1600,0.4
7,1700,1
7,1800,17.4
7,1900,7.5
7,2000,2.9
7,2100,4.6
7,2200,1.2
7,2300,0
7,0,0
7,100,0
7,200,0
7,300,0
7,400,0
7,500,0
7,600,0
7,700,0
7,800,0
7,900,0
7,1000,1.5
7,1100,0.2
7,1200,0
7,1300,0
7,1400,0
7,1500,0
7,1600,0
7,1700,0.2
7,1800,0.4
7,1900,1.8
7,2000,1.8
7,2100,0.8
7,2200,0.4
7,2300,0
7,0,2.6
7,100,1.6
7,200,0.5
7,300,0
7,400,0.3
7,500,0.6
7,600,0
7,700,0.3
7,800,0
7,900,0.3
7,1000,0.2
7,1100,3
7,1200,2.4
7,1300,2.8
7,1400,5.2
7,1500,3.6
7,1600,7.1
7,1700,5.5
7,1800,13.2
7,1900,13.1
7,2000,15.4
7,2100,11.9
7,2200,13.5
7,2300,2.8
7,0,19.4
7,100,7.8
7,200,7.2
7,300,0.7
7,400,1.1
7,500,4.3
7,600,5.1
7,700,0.3
7,800,7.7
7,900,10.1
7,1000,0.7
7,1100,0
7,1200,0
7,1300,0
7,1400,0
7,1500,0
7,1600,0
7,1700,0
7,1800,0
7,1900,0
7,2000,0.3
7,2100,0
7,2200,0
7,2300,0
7,0,0
7,100,0
7,200,0
7,300,14.9
7,400,19
7,500,21
7,600,5.3
7,700,5
7,800,23
7,900,29
7,1000,6
7,1100,1.3
7,1200,1.6
7,1300,0
7,1400,0
7,1500,0
7,1600,0
7,1700,0
7,1800,0
7,1900,0
7,2000,0
7,2100,0
7,2200,0
7,2300,0
7,0,0
7,100,0
7,200,0
7,300,0.1
7,400,0
7,500,0
7,600,0
7,700,0
7,800,0
7,900,1.6
7,1000,0.9
7,1100,0
7,1200,0
7,1300,0
7,1400,0
7,1500,1.2
7,1600,13.4
7,1700,6.8
7,1800,0.2
7,1900,0.2
7,2000,0
7,2100,0.1
7,2200,0
7,2300,0
7,0,0
7,100,0
7,200,0
7,300,0
7,400,0
7,500,0
7,600,0
7,700,0
7,800,0
7,900,0
7,1000,0
7,1100,0
7,1200,0
7,1300,0
7,1400,0
7,1500,0
7,1600,0
7,1700,0
7,1800,0
7,1900,0
7,2000,0
7,2100,0
7,2200,0
7,2300,0
7,0,0
7,100,0
7,200,0
7,300,0
7,400,0
7,500,0
7,600,0
7,700,0
7,800,0
7,900,0
7,1000,0
7,1100,0
7,1200,0
7,1300,0
7,1400,0
7,1500,0
7,1600,0
7,1700,0
7,1800,0
7,1900,0
7,2000,0
7,2100,0
7,2200,0
7,2300,0
7,0,0
7,100,0
7,200,0
7,300,0
7,400,0
7,500,0
7,600,0
7,700,0
7,800,0
7,900,0
7,1000,0
7,1100,0
7,1200,0
7,1300,0
7,1400,0
7,1500,0
7,1600,0
7,1700,0
7,1800,0
7,1900,0
7,2000,0
7,2100,0
7,2200,0
7,2300,0
7,0,0
7,100,0
7,200,0
7,300,0
7,400,0
7,500,0
7,600,-1
7,700,0
7,800,0
7,900,0
7,1000,0
7,1100,0
7,1200,0
7,1300,0
7,1400,0
7,1500,0
7,1600,0
7,1700,0
7,1800,0
7,1900,0
7,2000,0
7,2100,0
7,2200,0
7,2300,0
7,0,0
7,100,0
7,200,0
7,300,0
7,400,0
7,500,0
7,600,0
7,700,0
7,800,0
7,900,0
7,1000,0
7,1100,0
7,1200,0
7,1300,0
7,1400,0
7,1500,0
7,1600,0
7,1700,0
7,1800,0
7,1900,0
7,2000,0
7,2100,0
7,2200,0
7,2300,0
7,0,0
7,100,0
7,200,0
7,300,0
7,400,0
7,500,0
7,600,0
7,700,0
7,800,0
7,900,0
7,1000,0
7,1100,0
7,1200,0
7,1300,0
7,1400,0
7,1500,0
7,1600,0
7,1700,0
7,1800,0
7,1900,0
7,2000,0
7,2100,0
7,2200,0
7,2300,0
7,0,0
7,100,0
7,200,0
7,300,0
7,400,0
7,500,0
7,600,0
7,700,0
7,800,0
7,900,0
7,1000,0
7,1100,0
7,1200,0
7,1300,0
7,1400,0
7,1500,0
7,1600,0
7,1700,0
7,1800,0
7,1900,0
7,2000,0
7,2100,0
7,2200,0
7,2300,0
7,0,0
7,100,0
7,200,0
7,300,0
7,400,0
7,500,0
7,600,0
7,700,0
7,800,0
7,900,0
7,1000,0
7,1100,0
7,1200,0
7,1300,0
7,1400,0.3
7,1500,0.3
7,1600,0.1
7,1700,0
7,1800,0
7,1900,0
7,2000,1.8
7,2100,0.3
7,2200,0.3
7,2300,0
7,0,0.4
7,100,2.3
7,200,0
7,300,0
7,400,0
7,500,0
7,600,0
7,700,0
7,800,0
7,900,0
7,1000,0
7,1100,0
7,1200,0
7,1300,0
7,1400,0
7,1500,0
7,1600,0
7,1700,0
7,1800,0
7,1900,0
7,2000,0
7,2100,0
7,2200,0
7,2300,0
7,0,0
7,100,0
7,200,0
7,300,0
7,400,0
7,500,0
7,600,0
7,700,0
7,800,0
7,900,0
7,1000,0
7,1100,0
7,1200,0
7,1300,0
7,1400,0
7,1500,0
7,1600,0
7,1700,0
7,1800,0
7,1900,0.7
7,2000,0.2
7,2100,0
7,2200,0
7,2300,0
7,0,0
7,100,0
7,200,0
7,300,0
7,400,0
7,500,0
7,600,0
7,700,0
7,800,0
7,900,0
7,1000,0
7,1100,0
7,1200,0
7,1300,0
7,1400,0
7,1500,0
7,1600,0
7,1700,0
7,1800,0
7,1900,0
7,2000,0
7,2100,0
7,2200,0
7,2300,0
7,0,0
7,100,0
7,200,0
7,300,0
7,400,0
7,500,0
7,600,0
7,700,0
7,800,0
7,900,0
7,1000,0
7,1100,0
7,1200,0
7,1300,0
7,1400,0
7,1500,0
7,1600,0
7,1700,0
7,1800,0
7,1900,0
7,2000,0
7,2100,0
7,2200,0
7,2300,0
7,0,0
7,100,0
7,200,0
7,300,0
7,400,0
7,500,0
7,600,0
7,700,0
7,800,0
7,900,0
7,1000,0
7,1100,0
7,1200,0
7,1300,0
7,1400,0
7,1500,0
7,1600,0
7,1700,0
7,1800,0
7,1900,0
7,2000,0
7,2100,0
7,2200,0
7,2300,0
7,0,0
7,100,0
7,200,0
7,300,0
7,400,0
7,500,0
7,600,0
7,700,0
7,800,0
7,900,0
7,1000,0
7,1100,0
7,1200,0
7,1300,0
7,1400,0
7,1500,0
7,1600,0
7,1700,0
7,1800,0
7,1900,0
7,2000,0
7,2100,0
7,2200,0
7,2300,0
7,0,0
7,100,0
7,200,0
7,300,0
7,400,0
7,500,0
7,600,0
7,700,0
7,800,0
7,900,0
7,1000,0
7,1100,0
7,1200,0
7,1300,0
7,1400,0
7,1500,0
7,1600,0
7,1700,0
7,1800,0
7,1900,0
7,2000,0
7,2100,0
7,2200,0
7,2300,0
7,0,0
7,100,0
7,200,0
7,300,0
7,400,0
7,500,0
7,600,0
7,700,0
7,800,0
7,900,0
7,1000,0
7,1100,0
7,1200,0
7,1300,0
7,1400,0
7,1500,0
7,1600,0
7,1700,0
7,1800,0
7,1900,0
7,2000,0
7,2100,0
7,2200,0
7,2300,0
7,0,0
7,100,0
7,200,0
7,300,0
7,400,0
7,500,0
7,600,0
7,700,0
7,800,0
7,900,0
7,1000,0
7,1100,0
7,1200,0
7,1300,0
7,1400,0
7,1500,0
7,1600,0
7,1700,0
7,1800,0
7,1900,0
7,2000,0
7,2100,0
7,2200,0
7,2300,0
7,0,0
7,100,0
7,200,0
7,300,0
7,400,0
7,500,0
7,600,0
7,700,0
7,800,0
7,900,0
7,1000,0
7,1100,0
7,1200,0
7,1300,0
7,1400,0
7,1500,0
7,1600,0
7,1700,0
7,1800,0
7,1900,0
7,2000,0
7,2100,0
7,2200,0
7,2300,0
7,0,0
7,100,0
7,200,0
7,300,0
7,400,0
7,500,0
7,600,0
7,700,0
7,800,0
7,900,0
7,1000,0
7,1100,0
7,1200,0
7,1300,0
7,1400,0
7,1500,0
7,1600,0
7,1700,0
7,1800,0
7,1900,0
7,2000,0
7,2100,0
7,2200,0
7,2300,0
7,0,0
7,100,0
7,200,0
7,300,0
7,400,0
7,500,0
7,600,0
7,700,0
7,800,0
7,900,0
7,1000,0
7,1100,0
7,1200,0
7,1300,0
7,1400,0
7,1500,0
7,1600,0
7,1700,0
7,1800,0
7,1900,0
7,2000,0
7,2100,0
7,2200,0
7,2300,0
7,0,0
7,100,0
7,200,0
7,300,0
7,400,0
7,500,0
7,600,0
7,700,0
7,800,0
7,900,0
7,1000,0
7,1100,0
7,1200,0
7,1300,0
7,1400,0
7,1500,0
7,1600,0
7,1700,0
7,1800,0
7,1900,0
7,2000,0
7,2100,0
7,2200,0
7,2300,0
7,0,0
7,100,0
7,200,0
7,300,0
7,400,0
7,500,0
7,600,0
7,700,0
7,800,0
7,900,0
7,1000,0
7,1100,0
7,1200,0
7,1300,0
7,1400,0
7,1500,0
7,1600,0
7,1700,0
7,1800,0
7,1900,0
7,2000,0
7,2100,0
7,2200,0
7,2300,0
7,0,0
7,100,0
7,200,0
7,300,0
7,400,0
7,500,0
7,600,0
7,700,0
7,800,0
7,900,0
7,1000,0
7,1100,0
7,1200,0
7,1300,0
7,1400,0
7,1500,0
7,1600,0
7,1700,0
7,1800,0
7,1900,0
7,2000,0
7,2100,0
7,2200,0
7,2300,0
8,0,0
8,100,0
8,200,0
8,300,0
8,400,0
8,500,0
8,600,0
8,700,0
8,800,0
8,900,0
8,1000,0
8,1100,0
8,1200,0
8,1300,0
8,1400,0
8,1500,0
8,1600,0
8,1700,0
8,1800,0
8,1900,0
8,2000,0
8,2100,0
8,2200,0
8,2300,0
8,0,0
8,100,0
8,200,0
8,300,0
8,400,0
8,500,0
8,600,0
8,700,0
8,800,0
8,900,0
8,1000,0
8,1100,0
8,1200,0
8,1300,0
8,1400,0
8,1500,0
8,1600,0
8,1700,0
8,1800,0
8,1900,0
8,2000,0
8,2100,0
8,2200,0
8,2300,0
8,0,0
8,100,0
8,200,0
8,300,0
8,400,0
8,500,0
8,600,0
8,700,0
8,800,0
8,900,0
8,1000,0
8,1100,0
8,1200,0
8,1300,0
8,1400,0
8,1500,0
8,1600,0
8,1700,0
8,1800,0
8,1900,0
8,2000,0
8,2100,0
8,2200,0
8,2300,0
8,0,0
8,100,0
8,200,0
8,300,0
8,400,0
8,500,0
8,600,0
8,700,0
8,800,0
8,900,0
8,1000,0
8,1100,0
8,1200,0
8,1300,0
8,1400,0
8,1500,0
8,1600,0
8,1700,0
8,1800,0
8,1900,0
8,2000,0
8,2100,0
8,2200,0
8,2300,0
8,0,0
8,100,0
8,200,0
8,300,0
8,400,0
8,500,0
8,600,0
8,700,0
8,800,0
8,900,0
8,1000,0
8,1100,0
8,1200,0
8,1300,0
8,1400,0
8,1500,0
8,1600,0
8,1700,0
8,1800,0
8,1900,0
8,2000,0
8,2100,0
8,2200,0
8,2300,0
8,0,0
8,100,0
8,200,0
8,300,0
8,400,0
8,500,0
8,600,0
8,700,0
8,800,0
8,900,0
8,1000,0
8,1100,0
8,1200,0
8,1300,0
8,1400,0
8,1500,0
8,1600,0
8,1700,0
8,1800,0
8,1900,0
8,2000,0
8,2100,0
8,2200,0
8,2300,0
8,0,0
8,100,0
8,200,0
8,300,0
8,400,0
8,500,0
8,600,0
8,700,0
8,800,0
8,900,0
8,1000,0
8,1100,0
8,1200,0
8,1300,0
8,1400,0.4
8,1500,1.5
8,1600,2.1
8,1700,0
8,1800,0
8,1900,0
8,2000,0
8,2100,0
8,2200,0
8,2300,0
8,0,0
8,100,0
8,200,0
8,300,0.2
8,400,0.2
8,500,0.3
8,600,0.3
8,700,0
8,800,0
8,900,0
8,1000,0
8,1100,0.2
8,1200,0.7
8,1300,0.1
8,1400,0.2
8,1500,1
8,1600,2.1
8,1700,0
8,1800,0
8,1900,0
8,2000,0
8,2100,0
8,2200,0
8,2300,0
8,0,0
8,100,0
8,200,0
8,300,0
8,400,0
8,500,0
8,600,0
8,700,0
8,800,0
8,900,0
8,1000,0
8,1100,0
8,1200,0
8,1300,0
8,1400,1.2
8,1500,0.1
8,1600,0
8,1700,0
8,1800,0
8,1900,0
8,2000,0
8,2100,0
8,2200,0
8,2300,0
8,0,0
8,100,0
8,200,0
8,300,0
8,400,-1
8,500,0
8,600,0
8,700,0
8,800,0
8,900,0
8,1000,0
8,1100,0
8,1200,0
8,1300,0
8,1400,0
8,1500,0
8,1600,0
8,1700,0
8,1800,0
8,1900,0
8,2000,0
8,2100,0
8,2200,0
8,2300,0
8,0,0
8,100,0
8,200,0
8,300,0
8,400,0
8,500,0
8,600,0
8,700,0
8,800,0
8,900,0
8,1000,0
8,1100,0
8,1200,0
8,1300,0
8,1400,0
8,1500,0
8,1600,0
8,1700,0
8,1800,0
8,1900,0
8,2000,0
8,2100,0
8,2200,0
8,2300,0
8,0,0
8,100,0
8,200,0
8,300,0
8,400,0
8,500,0
8,600,0
8,700,0
8,800,0
8,900,0
8,1000,0
8,1100,0
8,1200,0
8,1300,0
8,1400,0
8,1500,0
8,1600,0.1
8,1700,0
8,1800,0
8,1900,0
8,2000,0
8,2100,0
8,2200,0
8,2300,0
8,0,0
8,100,0
8,200,0
8,300,0
8,400,0
8,500,0
8,600,0
8,700,0
8,800,0
8,900,0
8,1000,0
8,1100,0
8,1200,0
8,1300,0
8,1400,0
8,1500,0
8,1600,0
8,1700,0
8,1800,0
8,1900,0.6
8,2000,0.4
8,2100,0.3
8,2200,1.5
8,2300,2.7
8,0,0.8
8,100,0.6
8,200,2
8,300,0.8
8,400,0.4
8,500,0.1
8,600,0
8,700,0
8,800,0
8,900,0
8,1000,0
8,1100,0
8,1200,0
8,1300,0
8,1400,0
8,1500,0
8,1600,0
8,1700,0
8,1800,0
8,1900,0
8,2000,0
8,2100,0
8,2200,0
8,2300,0
8,0,0
8,100,0
8,200,0
8,300,0
8,400,0
8,500,0
8,600,0
8,700,0
8,800,0
8,900,0
8,1000,0
8,1100,0
8,1200,0
8,1300,0
8,1400,0
8,1500,0
8,1600,0
8,1700,0
8,1800,0
8,1900,0
8,2000,0
8,2100,0
8,2200,0
8,2300,0
8,0,0
8,100,0
8,200,0
8,300,0
8,400,0
8,500,0
8,600,0
8,700,0
8,800,0
8,900,0
8,1000,0
8,1100,0
8,1200,0
8,1300,0
8,1400,0
8,1500,0
8,1600,0
8,1700,0
8,1800,0
8,1900,0
8,2000,0
8,2100,0
8,2200,0.2
8,2300,5.1
8,0,12
8,100,3.4
8,200,1.9
8,300,0
8,400,0
8,500,0
8,600,0
8,700,0
8,800,0
8,900,0
8,1000,0
8,1100,0
8,1200,0
8,1300,0
8,1400,0
8,1500,0
8,1600,0
8,1700,0
8,1800,0
8,1900,0
8,2000,0
8,2100,0
8,2200,0
8,2300,0
8,0,0
8,100,0
8,200,0
8,300,0.2
8,400,0
8,500,0
8,600,0
8,700,0
8,800,0
8,900,0
8,1000,0
8,1100,0
8,1200,0
8,1300,0
8,1400,0
8,1500,0
8,1600,0
8,1700,0
8,1800,0
8,1900,0
8,2000,0
8,2100,0
8,2200,0
8,2300,0
8,0,0
8,100,0
8,200,0
8,300,0
8,400,0
8,500,0
8,600,0
8,700,0
8,800,0
8,900,0
8,1000,0
8,1100,0.1
8,1200,0
8,1300,0
8,1400,0
8,1500,0
8,1600,0
8,1700,0
8,1800,0
8,1900,0
8,2000,0
8,2100,0
8,2200,0
8,2300,0
8,0,0
8,100,0
8,200,0
8,300,0
8,400,0
8,500,0
8,600,0
8,700,0
8,800,0
8,900,0
8,1000,0
8,1100,0
8,1200,0
8,1300,0
8,1400,0
8,1500,0
8,1600,0
8,1700,0
8,1800,0.2
8,1900,0
8,2000,0.4
8,2100,4.1
8,2200,14.3
8,2300,14
8,0,9.3
8,100,9.3
8,200,9
8,300,25.6
8,400,16.9
8,500,16
8,600,1.4
8,700,3.4
8,800,0
8,900,0
8,1000,0.3
8,1100,0
8,1200,1.3
8,1300,6.6
8,1400,1
8,1500,1
8,1600,1
8,1700,0
8,1800,0
8,1900,0
8,2000,0
8,2100,0
8,2200,0
8,2300,0
8,0,0
8,100,0
8,200,0
8,300,0
8,400,0
8,500,0
8,600,0
8,700,0
8,800,0
8,900,0
8,1000,0
8,1100,0
8,1200,0
8,1300,0
8,1400,0
8,1500,0
8,1600,0
8,1700,0
8,1800,0
8,1900,0.1
8,2000,0.2
8,2100,0.1
8,2200,0.2
8,2300,0
8,0,0
8,100,0.2
8,200,0
8,300,5.5
8,400,4.3
8,500,7
8,600,0.5
8,700,0.1
8,800,0
8,900,0.1
8,1000,0.1
8,1100,0.5
8,1200,2.6
8,1300,12.4
8,1400,64.400002
8,1500,32.299999
8,1600,0.1
8,1700,0
8,1800,0
8,1900,0
8,2000,0
8,2100,0.1
8,2200,3.1
8,2300,2.6
8,0,1
8,100,1.3
8,200,3.8
8,300,0.3
8,400,1.5
8,500,0.2
8,600,0
8,700,0.2
8,800,0.2
8,900,0
8,1000,0
8,1100,0
8,1200,0
8,1300,0
8,1400,0
8,1500,0
8,1600,0
8,1700,0.7
8,1800,0
8,1900,0.4
8,2000,0.2
8,2100,0
8,2200,0.3
8,2300,0
8,0,2.5
8,100,0.4
8,200,0.3
8,300,1.5
8,400,0
8,500,0.7
8,600,0.5
8,700,7.4
8,800,0.5
8,900,0
8,1000,0
8,1100,1
8,1200,8
8,1300,2.2
8,1400,0
8,1500,0
8,1600,0
8,1700,0
8,1800,0
8,1900,0
8,2000,0
8,2100,0
8,2200,0
8,2300,0
8,0,0
8,100,0
8,200,0
8,300,0
8,400,0
8,500,0
8,600,0
8,700,0
8,800,0
8,900,0
8,1000,0
8,1100,0
8,1200,0
8,1300,0
8,1400,0
8,1500,0
8,1600,0
8,1700,0
8,1800,0
8,1900,0
8,2000,0
8,2100,0
8,2200,0
8,2300,0.5
8,0,0
8,100,3.6
8,200,0
8,300,0
8,400,0
8,500,0
8,600,0
8,700,0
8,800,0
8,900,0
8,1000,0
8,1100,0
8,1200,0
8,1300,0.1
8,1400,0.8
8,1500,3.9
8,1600,0.1
8,1700,0
8,1800,0
8,1900,0
8,2000,0
8,2100,0
8,2200,0
8,2300,0
8,0,0
8,100,0
8,200,0
8,300,0
8,400,0
8,500,0
8,600,0
8,700,0
8,800,0
8,900,0
8,1000,0
8,1100,0
8,1200,0
8,1300,0
8,1400,0
8,1500,0
8,1600,0
8,1700,0
8,1800,0
8,1900,0
8,2000,0
8,2100,0
8,2200,0
8,2300,0
8,0,0
8,100,0
8,200,0
8,300,0
8,400,0
8,500,0
8,600,0.3
8,700,0
8,800,0
8,900,0
8,1000,0
8,1100,0
8,1200,0
8,1300,0
8,1400,0
8,1500,0
8,1600,0
8,1700,0
8,1800,0
8,1900,0
8,2000,0
8,2100,0
8,2200,0
8,2300,0
8,0,0
8,100,0
8,200,0
8,300,0
8,400,0
8,500,0
8,600,0
8,700,0
8,800,0
8,900,0
8,1000,0
8,1100,0
8,1200,0.5
8,1300,0
8,1400,0
8,1500,0
8,1600,0
8,1700,0
8,1800,0
8,1900,0
8,2000,0
8,2100,0
8,2200,0
8,2300,0
8,0,0
8,100,0
8,200,0
8,300,0
8,400,0
8,500,0
8,600,0
8,700,0
8,800,0
8,900,0
8,1000,0
8,1100,0
8,1200,0
8,1300,0
8,1400,0
8,1500,0
8,1600,0
8,1700,0
8,1800,0
8,1900,0
8,2000,0
8,2100,0
8,2200,0
8,2300,0
9,0,0
9,100,0.8
9,200,0
9,300,0.6
9,400,0
9,500,0
9,600,0
9,700,0
9,800,0
9,900,4
9,1000,1
9,1100,13.3
9,1200,17.200001
9,1300,0.6
9,1400,0
9,1500,0
9,1600,0
9,1700,0.2
9,1800,0.8
9,1900,0.8
9,2000,0.4
9,2100,0
9,2200,0.2
9,2300,0
9,0,0
9,100,0
9,200,0
9,300,0
9,400,0
9,500,0
9,600,0.1
9,700,0
9,800,0.6
9,900,0
9,1000,0
9,1100,0
9,1200,0
9,1300,0
9,1400,0
9,1500,0
9,1600,0
9,1700,0
9,1800,0
9,1900,0
9,2000,0
9,2100,0
9,2200,0
9,2300,0
9,0,0
9,100,0
9,200,0
9,300,0
9,400,0
9,500,0.3
9,600,0
9,700,0
9,800,0
9,900,0
9,1000,0
9,1100,0
9,1200,0
9,1300,0
9,1400,0
9,1500,0
9,1600,0
9,1700,0
9,1800,0.1
9,1900,0.5
9,2000,0
9,2100,0
9,2200,0
9,2300,0
9,0,0
9,100,0
9,200,0
9,300,0
9,400,0
9,500,0
9,600,0
9,700,0
9,800,0
9,900,0
9,1000,0
9,1100,0
9,1200,0
9,1300,0
9,1400,0
9,1500,0
9,1600,0
9,1700,0
9,1800,0
9,1900,0
9,2000,0
9,2100,0
9,2200,0
9,2300,0
9,0,0
9,100,0
9,200,0
9,300,0
9,400,0
9,500,0
9,600,0
9,700,0
9,800,0
9,900,0
9,1000,0
9,1100,0
9,1200,0
9,1300,0
9,1400,0
9,1500,0
9,1600,0
9,1700,0
9,1800,0
9,1900,0
9,2000,0
9,2100,0
9,2200,0
9,2300,0
9,0,0
9,100,0
9,200,0
9,300,0
9,400,0
9,500,0
9,600,0
9,700,0
9,800,0
9,900,0
9,1000,0.2
9,1100,0
9,1200,0
9,1300,0
9,1400,0
9,1500,0
9,1600,0
9,1700,0
9,1800,0
9,1900,0
9,2000,0
9,2100,0
9,2200,0
9,2300,0
9,0,0
9,100,0
9,200,0
9,300,0
9,400,0
9,500,0
9,600,0
9,700,0
9,800,0
9,900,0
9,1000,0
9,1100,0
9,1200,0
9,1300,0
9,1400,0
9,1500,0
9,1600,0
9,1700,0
9,1800,0
9,1900,0
9,2000,0
9,2100,0
9,2200,0
9,2300,0
9,0,0
9,100,0
9,200,0
9,300,0
9,400,0
9,500,0
9,600,-1
9,700,0
9,800,0
9,900,0
9,1000,0
9,1100,0
9,1200,0
9,1300,0
9,1400,0
9,1500,0
9,1600,0
9,1700,0
9,1800,0
9,1900,0
9,2000,0
9,2100,0
9,2200,0
9,2300,0
9,0,0
9,100,0
9,200,0
9,300,0
9,400,0
9,500,0
9,600,0
9,700,0
9,800,0
9,900,0
9,1000,0
9,1100,0
9,1200,0
9,1300,0
9,1400,0
9,1500,0
9,1600,0
9,1700,0
9,1800,0
9,1900,0
9,2000,0
9,2100,0
9,2200,0.1
9,2300,0
9,0,0.1
9,100,0.5
9,200,0
9,300,0
9,400,0
9,500,0
9,600,0
9,700,0
9,800,0
9,900,0
9,1000,0
9,1100,0
9,1200,0
9,1300,0
9,1400,0
9,1500,0
9,1600,0
9,1700,0
9,1800,0
9,1900,0
9,2000,0
9,2100,0
9,2200,0
9,2300,0
9,0,0
9,100,0
9,200,0
9,300,0
9,400,0
9,500,0
9,600,0
9,700,0
9,800,0
9,900,0
9,1000,0
9,1100,0
9,1200,0
9,1300,0
9,1400,0
9,1500,0
9,1600,0
9,1700,0
9,1800,0
9,1900,0
9,2000,0
9,2100,0
9,2200,0
9,2300,0
9,0,0
9,100,0
9,200,0
9,300,0
9,400,0
9,500,0
9,600,0
9,700,0
9,800,0
9,900,0
9,1000,0
9,1100,0
9,1200,0
9,1300,0
9,1400,0
9,1500,0
9,1600,0
9,1700,0
9,1800,0
9,1900,0
9,2000,0
9,2100,0
9,2200,0
9,2300,0
9,0,0
9,100,0
9,200,0
9,300,0
9,400,0
9,500,0
9,600,0
9,700,0
9,800,0
9,900,0
9,1000,0
9,1100,0
9,1200,0
9,1300,0
9,1400,0
9,1500,0
9,1600,0
9,1700,0
9,1800,0
9,1900,0
9,2000,0
9,2100,0
9,2200,0
9,2300,0
9,0,0
9,100,0
9,200,0
9,300,0.4
9,400,0.1
9,500,0
9,600,0
9,700,0
9,800,0
9,900,0
9,1000,0
9,1100,0
9,1200,0
9,1300,0
9,1400,0
9,1500,0
9,1600,0
9,1700,0
9,1800,0
9,1900,0
9,2000,0
9,2100,0
9,2200,0
9,2300,0
9,0,0
9,100,0
9,200,0
9,300,0
9,400,0
9,500,0
9,600,0
9,700,0
9,800,0
9,900,0
9,1000,0
9,1100,0
9,1200,0
9,1300,0
9,1400,0
9,1500,0
9,1600,0
9,1700,0
9,1800,0
9,1900,0
9,2000,0
9,2100,0
9,2200,0
9,2300,0
9,0,0
9,100,0
9,200,0
9,300,0
9,400,0
9,500,0
9,600,0
9,700,0
9,800,0
9,900,0
9,1000,0
9,1100,0
9,1200,0
9,1300,0
9,1400,0
9,1500,0
9,1600,0.6
9,1700,0.5
9,1800,0
9,1900,0.6
9,2000,0.4
9,2100,2.8
9,2200,6.5
9,2300,1.2
9,0,1
9,100,0.9
9,200,1.6
9,300,2.2
9,400,4.5
9,500,1
9,600,0
9,700,0
9,800,0
9,900,0
9,1000,0
9,1100,0
9,1200,0
9,1300,0
9,1400,0
9,1500,0
9,1600,0
9,1700,0
9,1800,0
9,1900,0
9,2000,0
9,2100,0
9,2200,0
9,2300,0
9,0,0
9,100,0
9,200,0
9,300,0
9,400,0
9,500,0
9,600,0
9,700,0
9,800,0
9,900,0
9,1000,0
9,1100,0
9,1200,0
9,1300,0
9,1400,0
9,1500,0
9,1600,0
9,1700,0
9,1800,0
9,1900,0
9,2000,0
9,2100,0
9,2200,0
9,2300,0
9,0,0
9,100,0
9,200,0
9,300,0
9,400,0
9,500,0
9,600,0
9,700,0
9,800,0
9,900,0
9,1000,0
9,1100,0
9,1200,0
9,1300,0
9,1400,0
9,1500,0
9,1600,0
9,1700,0
9,1800,0
9,1900,0
9,2000,0
9,2100,0
9,2200,0
9,2300,0
9,0,0
9,100,0
9,200,0
9,300,0
9,400,0
9,500,0
9,600,0
9,700,0
9,800,0
9,900,0
9,1000,0
9,1100,0
9,1200,0
9,1300,0
9,1400,0
9,1500,0
9,1600,0
9,1700,0
9,1800,0
9,1900,0
9,2000,0
9,2100,0
9,2200,0
9,2300,0
9,0,0.6
9,100,7
9,200,1.2
9,300,0
9,400,0
9,500,0.1
9,600,0
9,700,0
9,800,0
9,900,0
9,1000,0
9,1100,0
9,1200,0
9,1300,0
9,1400,0
9,1500,0
9,1600,0
9,1700,0
9,1800,0
9,1900,0
9,2000,0
9,2100,0
9,2200,0
9,2300,0
9,0,0
9,100,0
9,200,0
9,300,3.1
9,400,0
9,500,0
9,600,0
9,700,0
9,800,0
9,900,0
9,1000,0
9,1100,0
9,1200,0
9,1300,0
9,1400,0
9,1500,0
9,1600,0
9,1700,0
9,1800,0
9,1900,0
9,2000,0
9,2100,0
9,2200,0
9,2300,0
9,0,0
9,100,0
9,200,0
9,300,0
9,400,0
9,500,0
9,600,0
9,700,0
9,800,0
9,900,0
9,1000,0
9,1100,0
9,1200,0
9,1300,0
9,1400,0
9,1500,0
9,1600,0
9,1700,0
9,1800,0
9,1900,0
9,2000,0
9,2100,0
9,2200,0
9,2300,0
9,0,0
9,100,0
9,200,0
9,300,0
9,400,0
9,500,0
9,600,0
9,700,0
9,800,0
9,900,0
9,1000,0
9,1100,0
9,1200,0
9,1300,0
9,1400,0
9,1500,0
9,1600,0
9,1700,0
9,1800,0
9,1900,0
9,2000,0
9,2100,0
9,2200,0
9,2300,0
9,0,0.2
9,100,0
9,200,0.5
9,300,0
9,400,0
9,500,0
9,600,0
9,700,0
9,800,-1
9,900,0
9,1000,0
9,1100,0
9,1200,0
9,1300,0
9,1400,0
9,1500,0
9,1600,0
9,1700,0
9,1800,0
9,1900,0
9,2000,0
9,2100,0
9,2200,0
9,2300,0
9,0,0
9,100,0
9,200,0
9,300,0
9,400,0
9,500,0
9,600,0
9,700,0
9,800,0
9,900,0
9,1000,0
9,1100,0
9,1200,0
9,1300,0
9,1400,0
9,1500,0
9,1600,0
9,1700,0
9,1800,0
9,1900,0
9,2000,0
9,2100,0
9,2200,0
9,2300,0
9,0,0
9,100,0
9,200,0
9,300,0
9,400,0
9,500,0
9,600,0
9,700,0
9,800,0
9,900,0
9,1000,0
9,1100,0
9,1200,0
9,1300,0
9,1400,0
9,1500,0
9,1600,0
9,1700,0
9,1800,0
9,1900,0
9,2000,0.1
9,2100,0
9,2200,0
9,2300,0
9,0,0
9,100,0
9,200,0
9,300,0
9,400,0
9,500,0
9,600,0
9,700,0
9,800,0
9,900,0
9,1000,0
9,1100,0
9,1200,0
9,1300,0
9,1400,0
9,1500,0
9,1600,0
9,1700,0
9,1800,0
9,1900,0
9,2000,0
9,2100,0
9,2200,0
9,2300,0
9,0,0
9,100,0
9,200,0
9,300,0
9,400,0
9,500,0
9,600,0
9,700,0
9,800,0
9,900,2.7
9,1000,3.5
9,1100,11.2
9,1200,0.1
9,1300,0
9,1400,0.4
9,1500,0.5
9,1600,0.1
9,1700,0.2
9,1800,1
9,1900,0.8
9,2000,1.7
9,2100,0.5
9,2200,0.1
9,2300,0.3
9,0,0
9,100,0
9,200,0
9,300,0
9,400,0
9,500,0
9,600,0
9,700,0
9,800,0
9,900,0
9,1000,0
9,1100,0
9,1200,0
9,1300,0
9,1400,0
9,1500,0
9,1600,0
9,1700,0
9,1800,0
9,1900,0
9,2000,0
9,2100,0
9,2200,0
9,2300,0
10,0,0
10,100,0
10,200,0
10,300,0
10,400,0
10,500,0
10,600,0
10,700,0
10,800,0
10,900,0
10,1000,0
10,1100,0
10,1200,0
10,1300,0
10,1400,0
10,1500,0
10,1600,0
10,1700,0
10,1800,0
10,1900,0
10,2000,0
10,2100,0
10,2200,0
10,2300,0
10,0,0
10,100,0
10,200,0
10,300,0
10,400,0
10,500,0
10,600,0
10,700,0
10,800,0
10,900,0
10,1000,0
10,1100,0
10,1200,0
10,1300,0
10,1400,0
10,1500,0
10,1600,0
10,1700,0
10,1800,0
10,1900,0
10,2000,0
10,2100,0
10,2200,0
10,2300,0
10,0,0
10,100,0
10,200,0
10,300,0
10,400,0
10,500,0
10,600,0
10,700,0
10,800,0
10,900,0
10,1000,0
10,1100,0
10,1200,0
10,1300,0
10,1400,0
10,1500,0
10,1600,0
10,1700,0
10,1800,0
10,1900,0
10,2000,0
10,2100,0
10,2200,0
10,2300,0
10,0,0
10,100,0
10,200,0
10,300,0
10,400,0
10,500,0
10,600,0
10,700,0
10,800,-1
10,900,0
10,1000,0
10,1100,0
10,1200,0
10,1300,0
10,1400,0
10,1500,0
10,1600,0
10,1700,0
10,1800,0
10,1900,0
10,2000,0
10,2100,0
10,2200,0
10,2300,0
10,0,0
10,100,0
10,200,0
10,300,0
10,400,0
10,500,0
10,600,0
10,700,0
10,800,0
10,900,0
10,1000,0
10,1100,0
10,1200,0
10,1300,0
10,1400,0
10,1500,0
10,1600,0
10,1700,0
10,1800,0
10,1900,0
10,2000,0
10,2100,0
10,2200,0
10,2300,0
10,0,0
10,100,0
10,200,0
10,300,0
10,400,0
10,500,0
10,600,0
10,700,0
10,800,0
10,900,0
10,1000,0
10,1100,0
10,1200,0
10,1300,0
10,1400,0
10,1500,0
10,1600,0
10,1700,0
10,1800,0
10,1900,0
10,2000,0
10,2100,0
10,2200,0
10,2300,0
10,0,0
10,100,0
10,200,0
10,300,0
10,400,0
10,500,0
10,600,0
10,700,0
10,800,0
10,900,0
10,1000,0
10,1100,0
10,1200,0
10,1300,0
10,1400,0
10,1500,0
10,1600,0
10,1700,0
10,1800,0
10,1900,0
10,2000,0
10,2100,0
10,2200,0.1
10,2300,0
10,0,0
10,100,0
10,200,0
10,300,0
10,400,0
10,500,0
10,600,0
10,700,0
10,800,0
10,900,0
10,1000,0
10,1100,0
10,1200,0
10,1300,0
10,1400,0
10,1500,0
10,1600,0
10,1700,0
10,1800,0
10,1900,0
10,2000,0
10,2100,0
10,2200,0
10,2300,0
10,0,0
10,100,0
10,200,0
10,300,0
10,400,0
10,500,0
10,600,0
10,700,0
10,800,0
10,900,0
10,1000,0
10,1100,0
10,1200,0
10,1300,0
10,1400,0
10,1500,0
10,1600,0
10,1700,0
10,1800,0
10,1900,0
10,2000,0
10,2100,0
10,2200,0
10,2300,0
10,0,0
10,100,0
10,200,0
10,300,0
10,400,0
10,500,0
10,600,0
10,700,0
10,800,0
10,900,0
10,1000,0
10,1100,0
10,1200,0
10,1300,0
10,1400,0
10,1500,2.5
10,1600,0
10,1700,0
10,1800,0
10,1900,0
10,2000,0
10,2100,0
10,2200,0
10,2300,0
10,0,0
10,100,0.6
10,200,1.3
10,300,0.8
10,400,0.3
10,500,0.3
10,600,0
10,700,0
10,800,1
10,900,0.6
10,1000,0.6
10,1100,2.5
10,1200,1.7
10,1300,1.4
10,1400,0.4
10,1500,0
10,1600,0
10,1700,0
10,1800,0
10,1900,0
10,2000,0
10,2100,0.1
10,2200,0
10,2300,0
10,0,0
10,100,0
10,200,0
10,300,0
10,400,0
10,500,0
10,600,0
10,700,0
10,800,0
10,900,0
10,1000,0
10,1100,0
10,1200,0
10,1300,0
10,1400,0
10,1500,0
10,1600,0
10,1700,0
10,1800,0
10,1900,0
10,2000,0
10,2100,0
10,2200,0
10,2300,0
10,0,0
10,100,0
10,200,0
10,300,0
10,400,0
10,500,0
10,600,0
10,700,0
10,800,0
10,900,0
10,1000,0
10,1100,0
10,1200,0
10,1300,0
10,1400,0
10,1500,0
10,1600,0
10,1700,0
10,1800,0
10,1900,0
10,2000,0
10,2100,0
10,2200,0
10,2300,0
10,0,0
10,100,0
10,200,0
10,300,0
10,400,0
10,500,0
10,600,0
10,700,0
10,800,0
10,900,0
10,1000,0
10,1100,0
10,1200,0
10,1300,0
10,1400,0
10,1500,0
10,1600,0
10,1700,0
10,1800,0
10,1900,0
10,2000,0
10,2100,0
10,2200,0
10,2300,0
10,0,0
10,100,0
10,200,0
10,300,0
10,400,0
10,500,0
10,600,0
10,700,0
10,800,0
10,900,0
10,1000,0
10,1100,0
10,1200,0
10,1300,0
10,1400,0.6
10,1500,0.3
10,1600,0.2
10,1700,0.9
10,1800,0.9
10,1900,0.4
10,2000,0.9
10,2100,0.5
10,2200,1
10,2300,1.4
10,0,1.6
10,100,0.8
10,200,0
10,300,0.1
10,400,0
10,500,0
10,600,0
10,700,0
10,800,0
10,900,0
10,1000,0
10,1100,0
10,1200,0
10,1300,0
10,1400,0
10,1500,0
10,1600,0
10,1700,0
10,1800,0
10,1900,0
10,2000,0
10,2100,0
10,2200,0
10,2300,0
10,0,0
10,100,0
10,200,0
10,300,0
10,400,0
10,500,0
10,600,0
10,700,0
10,800,0
10,900,0
10,1000,0
10,1100,0
10,1200,0
10,1300,0
10,1400,0
10,1500,0
10,1600,0
10,1700,0
10,1800,0
10,1900,0
10,2000,0
10,2100,0
10,2200,0
10,2300,0
10,0,0
10,100,0
10,200,0
10,300,0
10,400,0
10,500,0
10,600,0
10,700,0
10,800,0
10,900,0
10,1000,0
10,1100,0
10,1200,0
10,1300,0
10,1400,0
10,1500,0
10,1600,0
10,1700,0
10,1800,0
10,1900,0
10,2000,0
10,2100,0
10,2200,0
10,2300,0
10,0,0
10,100,0
10,200,0
10,300,0
10,400,0
10,500,0
10,600,0
10,700,0
10,800,0
10,900,0
10,1000,0
10,1100,0
10,1200,0
10,1300,0
10,1400,0
10,1500,0
10,1600,0
10,1700,0
10,1800,0
10,1900,0
10,2000,0
10,2100,0
10,2200,0
10,2300,0
10,0,0
10,100,0
10,200,0
10,300,0
10,400,0
10,500,0
10,600,0
10,700,0
10,800,0
10,900,0
10,1000,0
10,1100,0
10,1200,0
10,1300,0
10,1400,0
10,1500,0
10,1600,0
10,1700,0
10,1800,0
10,1900,0
10,2000,0
10,2100,0
10,2200,0.1
10,2300,0.2
10,0,0
10,100,0
10,200,0
10,300,0
10,400,0
10,500,0
10,600,0
10,700,0
10,800,0
10,900,0
10,1000,0
10,1100,0
10,1200,0
10,1300,0
10,1400,0
10,1500,0
10,1600,0
10,1700,0
10,1800,0
10,1900,0
10,2000,0
10,2100,0
10,2200,0
10,2300,0
10,0,0
10,100,0
10,200,0
10,300,0
10,400,0
10,500,0
10,600,0
10,700,0
10,800,0
10,900,0
10,1000,0
10,1100,0
10,1200,0
10,1300,0
10,1400,0
10,1500,0
10,1600,0
10,1700,0
10,1800,0
10,1900,0
10,2000,0
10,2100,0
10,2200,0
10,2300,0
10,0,0
10,100,0
10,200,0
10,300,0
10,400,0
10,500,0
10,600,0
10,700,0
10,800,0
10,900,0
10,1000,0
10,1100,0
10,1200,0
10,1300,0
10,1400,0
10,1500,0
10,1600,0
10,1700,0
10,1800,0
10,1900,0
10,2000,0
10,2100,0
10,2200,0
10,2300,0
10,0,0
10,100,0
10,200,0
10,300,0
10,400,0
10,500,0
10,600,0
10,700,0
10,800,0
10,900,0
10,1000,0
10,1100,0
10,1200,0
10,1300,0
10,1400,0
10,1500,0
10,1600,0
10,1700,0
10,1800,0
10,1900,0
10,2000,0
10,2100,0
10,2200,0
10,2300,0
10,0,0
10,100,0
10,200,0
10,300,0
10,400,0
10,500,0
10,600,0
10,700,0
10,800,0
10,900,0
10,1000,0
10,1100,0
10,1200,0
10,1300,0
10,1400,0
10,1500,0
10,1600,0
10,1700,0
10,1800,0
10,1900,0
10,2000,0
10,2100,0
10,2200,0
10,2300,0
10,0,0
10,100,0
10,200,0
10,300,0
10,400,0
10,500,0
10,600,0
10,700,0
10,800,0
10,900,0
10,1000,0
10,1100,0
10,1200,0
10,1300,0
10,1400,0
10,1500,0
10,1600,0
10,1700,0
10,1800,0
10,1900,0
10,2000,0
10,2100,0
10,2200,0
10,2300,0
10,0,0
10,100,0
10,200,0
10,300,0
10,400,0
10,500,0
10,600,0
10,700,0
10,800,0
10,900,0
10,1000,0
10,1100,0
10,1200,0
10,1300,0
10,1400,0
10,1500,0
10,1600,0
10,1700,0
10,1800,0
10,1900,0
10,2000,0
10,2100,0
10,2200,0
10,2300,0
10,0,0
10,100,0
10,200,0
10,300,0
10,400,0
10,500,0
10,600,0
10,700,0
10,800,0
10,900,0
10,1000,0
10,1100,0
10,1200,0
10,1300,0
10,1400,0
10,1500,0
10,1600,0
10,1700,0
10,1800,0
10,1900,0
10,2000,0
10,2100,0
10,2200,0
10,2300,0
10,0,0
10,100,0
10,200,0
10,300,0
10,400,0
10,500,0
10,600,0
10,700,0
10,800,0
10,900,0
10,1000,0
10,1100,0
10,1200,0
10,1300,0
10,1400,0
10,1500,0
10,1600,0
10,1700,0
10,1800,0
10,1900,0
10,2000,0
10,2100,0
10,2200,0
10,2300,0
10,0,0
10,100,0
10,200,0
10,300,0
10,400,0
10,500,0
10,600,0
10,700,0
10,800,0
10,900,0
10,1000,0
10,1100,0
10,1200,0
10,1300,0
10,1400,0
10,1500,0
10,1600,0
10,1700,0
10,1800,0
10,1900,0
10,2000,0
10,2100,0
10,2200,0
10,2300,0
10,0,0
10,100,0
10,200,0
10,300,0
10,400,0
10,500,0
10,600,0
10,700,0
10,800,0
10,900,0
10,1000,0
10,1100,0
10,1200,0
10,1300,0
10,1400,0
10,1500,0
10,1600,0
10,1700,0
10,1800,0
10,1900,0
10,2000,0
10,2100,0
10,2200,0
10,2300,0
11,0,0
11,100,0
11,200,0
11,300,0
11,400,0
11,500,0
11,600,0
11,700,0
11,800,0
11,900,0
11,1000,0
11,1100,0
11,1200,0
11,1300,0
11,1400,0
11,1500,0
11,1600,0
11,1700,0
11,1800,0
11,1900,0
11,2000,0
11,2100,0
11,2200,0
11,2300,0
11,0,0
11,100,0
11,200,0
11,300,0
11,400,0
11,500,0
11,600,0
11,700,0
11,800,0
11,900,0
11,1000,0
11,1100,0
11,1200,0
11,1300,0
11,1400,0
11,1500,0
11,1600,0
11,1700,0
11,1800,0
11,1900,0
11,2000,0
11,2100,0
11,2200,0
11,2300,0
11,0,0
11,100,0
11,200,0
11,300,0
11,400,0
11,500,0
11,600,0
11,700,0
11,800,0
11,900,0
11,1000,0
11,1100,0
11,1200,0
11,1300,0
11,1400,0
11,1500,0
11,1600,0
11,1700,0
11,1800,0
11,1900,0
11,2000,0
11,2100,0
11,2200,0
11,2300,0
11,0,0
11,100,0
11,200,0
11,300,0
11,400,0
11,500,0
11,600,0
11,700,0
11,800,0
11,900,0
11,1000,0
11,1100,0
11,1200,0
11,1300,0
11,1400,0
11,1500,0
11,1600,0
11,1700,0
11,1800,0
11,1900,0
11,2000,0
11,2100,0
11,2200,0
11,2300,0
11,0,0
11,100,0
11,200,0
11,300,0
11,400,0
11,500,0
11,600,0
11,700,0
11,800,0
11,900,0
11,1000,0
11,1100,0
11,1200,0
11,1300,0
11,1400,0
11,1500,0
11,1600,0
11,1700,0
11,1800,0
11,1900,0
11,2000,0
11,2100,0
11,2200,0
11,2300,0
11,0,0
11,100,0
11,200,0
11,300,0
11,400,0
11,500,0
11,600,0
11,700,0
11,800,0
11,900,0
11,1000,0
11,1100,0
11,1200,0
11,1300,0
11,1400,0
11,1500,0
11,1600,0
11,1700,0
11,1800,0
11,1900,0
11,2000,0
11,2100,0
11,2200,0
11,2300,0
11,0,0
11,100,0
11,200,0
11,300,0
11,400,0
11,500,0
11,600,0
11,700,0
11,800,0
11,900,0
11,1000,0
11,1100,0
11,1200,0
11,1300,0
11,1400,0
11,1500,0
11,1600,0
11,1700,0
11,1800,0
11,1900,0
11,2000,0
11,2100,0
11,2200,0
11,2300,0
11,0,0
11,100,5
11,200,3.7
11,300,4.6
11,400,6.7
11,500,4.7
11,600,0
11,700,0
11,800,0
11,900,0
11,1000,0
11,1100,0
11,1200,0
11,1300,0
11,1400,0
11,1500,0
11,1600,0
11,1700,0
11,1800,0
11,1900,0
11,2000,0
11,2100,0
11,2200,0
11,2300,0
11,0,0
11,100,0
11,200,0
11,300,0
11,400,0
11,500,0
11,600,0
11,700,0
11,800,0
11,900,0
11,1000,0
11,1100,0
11,1200,0
11,1300,0
11,1400,0
11,1500,0
11,1600,0
11,1700,0
11,1800,0
11,1900,0
11,2000,0
11,2100,0
11,2200,0
11,2300,0
11,0,0
11,100,0
11,200,0
11,300,0
11,400,0
11,500,0
11,600,0
11,700,0
11,800,0
11,900,0
11,1000,0
11,1100,0
11,1200,0
11,1300,0
11,1400,0
11,1500,0
11,1600,0
11,1700,0
11,1800,0
11,1900,0
11,2000,0
11,2100,0
11,2200,0
11,2300,0
11,0,0
11,100,0
11,200,0
11,300,0
11,400,0
11,500,0
11,600,0
11,700,0
11,800,0
11,900,0
11,1000,0
11,1100,0
11,1200,0
11,1300,0
11,1400,0
11,1500,0
11,1600,0
11,1700,0
11,1800,0
11,1900,0
11,2000,0
11,2100,0
11,2200,0
11,2300,0
11,0,0
11,100,0
11,200,0
11,300,0
11,400,0
11,500,0
11,600,0
11,700,0
11,800,0
11,900,0
11,1000,0
11,1100,0
11,1200,0
11,1300,0
11,1400,0
11,1500,0
11,1600,0
11,1700,0
11,1800,0
11,1900,0
11,2000,0
11,2100,0
11,2200,0
11,2300,0
11,0,0
11,100,0
11,200,0
11,300,0
11,400,0
11,500,0
11,600,0
11,700,0
11,800,0
11,900,0
11,1000,0
11,1100,0
11,1200,0
11,1300,0
11,1400,0
11,1500,0
11,1600,0
11,1700,0
11,1800,0
11,1900,0
11,2000,0
11,2100,0
11,2200,0
11,2300,0
11,0,0
11,100,0
11,200,0
11,300,0
11,400,0
11,500,0
11,600,0
11,700,0
11,800,0
11,900,0
11,1000,0
11,1100,0
11,1200,0
11,1300,0
11,1400,0
11,1500,0
11,1600,0
11,1700,0
11,1800,0
11,1900,0
11,2000,0
11,2100,0
11,2200,0
11,2300,0
11,0,0
11,100,0
11,200,0
11,300,0
11,400,0
11,500,0
11,600,0
11,700,0
11,800,0
11,900,0
11,1000,0
11,1100,0
11,1200,0
11,1300,0
11,1400,0
11,1500,0
11,1600,0
11,1700,0
11,1800,0
11,1900,0
11,2000,0
11,2100,0
11,2200,0
11,2300,0
11,0,0
11,100,0
11,200,0
11,300,0
11,400,0
11,500,0
11,600,0
11,700,0
11,800,-1
11,900,0
11,1000,0
11,1100,0
11,1200,0
11,1300,0
11,1400,0
11,1500,0
11,1600,0
11,1700,0
11,1800,0
11,1900,0
11,2000,0
11,2100,0
11,2200,0
11,2300,0
11,0,0
11,100,0
11,200,0
11,300,0
11,400,0
11,500,0
11,600,0
11,700,0
11,800,0
11,900,0
11,1000,0
11,1100,0
11,1200,0
11,1300,0
11,1400,0
11,1500,0
11,1600,0
11,1700,0
11,1800,0
11,1900,0
11,2000,0
11,2100,0
11,2200,0
11,2300,0
11,0,0
11,100,0
11,200,0
11,300,0
11,400,0
11,500,0
11,600,0
11,700,0
11,800,0
11,900,0
11,1000,0
11,1100,0
11,1200,0
11,1300,0
11,1400,0
11,1500,0
11,1600,0
11,1700,0
11,1800,0
11,1900,0
11,2000,0
11,2100,0
11,2200,0
11,2300,0
11,0,0
11,100,0
11,200,0
11,300,0
11,400,0
11,500,0
11,600,0
11,700,0
11,800,0
11,900,0
11,1000,0
11,1100,0
11,1200,0
11,1300,0
11,1400,0
11,1500,0
11,1600,0
11,1700,0
11,1800,0
11,1900,0
11,2000,0
11,2100,0
11,2200,0
11,2300,0
11,0,0
11,100,0
11,200,0
11,300,0
11,400,0
11,500,0
11,600,0
11,700,0
11,800,0
11,900,0
11,1000,0
11,1100,0
11,1200,0
11,1300,0
11,1400,0
11,1500,0
11,1600,0
11,1700,0
11,1800,0
11,1900,0
11,2000,0
11,2100,0
11,2200,0
11,2300,0
11,0,0
11,100,0
11,200,0
11,300,0
11,400,0
11,500,0
11,600,0
11,700,0
11,800,0
11,900,0
11,1000,0
11,1100,0
11,1200,0
11,1300,0
11,1400,0
11,1500,0
11,1600,0
11,1700,0
11,1800,-1
11,1900,0
11,2000,0
11,2100,0
11,2200,0
11,2300,0
11,0,0
11,100,0
11,200,0
11,300,0
11,400,0
11,500,0
11,600,0
11,700,0
11,800,0
11,900,0
11,1000,0
11,1100,0
11,1200,0
11,1300,0
11,1400,0
11,1500,0
11,1600,0
11,1700,0
11,1800,0
11,1900,0
11,2000,0
11,2100,0
11,2200,0
11,2300,0
11,0,0
11,100,0
11,200,0
11,300,0
11,400,0
11,500,0
11,600,0
11,700,0
11,800,0
11,900,0
11,1000,0
11,1100,0
11,1200,0
11,1300,0
11,1400,0
11,1500,0
11,1600,0
11,1700,0
11,1800,0
11,1900,0
11,2000,0
11,2100,0
11,2200,0
11,2300,0
11,0,0
11,100,0
11,200,0
11,300,0
11,400,0
11,500,0
11,600,0
11,700,0
11,800,0
11,900,0
11,1000,0
11,1100,0
11,1200,0
11,1300,0
11,1400,0
11,1500,0
11,1600,0
11,1700,0
11,1800,0
11,1900,0
11,2000,0
11,2100,0
11,2200,0
11,2300,0
11,0,0
11,100,0
11,200,0
11,300,0
11,400,0
11,500,0
11,600,0
11,700,0
11,800,0
11,900,0
11,1000,0
11,1100,0
11,1200,0
11,1300,0
11,1400,0
11,1500,0
11,1600,0
11,1700,0
11,1800,0
11,1900,0
11,2000,0
11,2100,0
11,2200,0
11,2300,0
11,0,0
11,100,0
11,200,0
11,300,0
11,400,0
11,500,0
11,600,0
11,700,0
11,800,0
11,900,0
11,1000,0
11,1100,0
11,1200,0
11,1300,0
11,1400,0
11,1500,0
11,1600,0
11,1700,0
11,1800,0
11,1900,0
11,2000,0
11,2100,0
11,2200,0
11,2300,0
11,0,0
11,100,0
11,200,0
11,300,0
11,400,0
11,500,0
11,600,0
11,700,0
11,800,0
11,900,0
11,1000,0
11,1100,0
11,1200,0
11,1300,0
11,1400,0
11,1500,0
11,1600,0
11,1700,0
11,1800,0
11,1900,0
11,2000,0
11,2100,0
11,2200,0
11,2300,0
11,0,0
11,100,0
11,200,0
11,300,0
11,400,0
11,500,0
11,600,0
11,700,0
11,800,0
11,900,0
11,1000,0
11,1100,0
11,1200,0
11,1300,0
11,1400,0
11,1500,0
11,1600,0
11,1700,0
11,1800,0
11,1900,0
11,2000,0
11,2100,0
11,2200,0
11,2300,0
11,0,0
11,100,0
11,200,0
11,300,0
11,400,0
11,500,0
11,600,0
11,700,0
11,800,0
11,900,0
11,1000,0
11,1100,0
11,1200,0
11,1300,0
11,1400,0
11,1500,0
11,1600,0
11,1700,0
11,1800,0
11,1900,0
11,2000,0
11,2100,0
11,2200,3
11,2300,7.1
11,0,10.8
11,100,11.3
11,200,5.7
11,300,1.9
11,400,0.5
11,500,1
11,600,0.1
11,700,0
11,800,0
11,900,0
11,1000,0
11,1100,0
11,1200,0
11,1300,0
11,1400,0
11,1500,0
11,1600,0
11,1700,0
11,1800,0
11,1900,0
11,2000,0
11,2100,0
11,2200,0
11,2300,0
12,0,0
12,100,0
12,200,0
12,300,0
12,400,0
12,500,0
12,600,0
12,700,0
12,800,0
12,900,0
12,1000,0
12,1100,0
12,1200,0
12,1300,0
12,1400,0
12,1500,0
12,1600,0
12,1700,0
12,1800,0
12,1900,0
12,2000,0
12,2100,0
12,2200,0
12,2300,0
12,0,0
12,100,0
12,200,0
12,300,0
12,400,0
12,500,0
12,600,0
12,700,0
12,800,0
12,900,0
12,1000,0
12,1100,0
12,1200,0
12,1300,0
12,1400,0
12,1500,0
12,1600,0
12,1700,0
12,1800,0
12,1900,0
12,2000,0
12,2100,0
12,2200,0
12,2300,0
12,0,0
12,100,0
12,200,0
12,300,0
12,400,0
12,500,0
12,600,0
12,700,0
12,800,0
12,900,0
12,1000,0
12,1100,0
12,1200,0
12,1300,0
12,1400,0
12,1500,0
12,1600,0
12,1700,0
12,1800,0
12,1900,0
12,2000,0
12,2100,0
12,2200,0
12,2300,0
12,0,0
12,100,0
12,200,0
12,300,0
12,400,0
12,500,0
12,600,0
12,700,0
12,800,0
12,900,0
12,1000,0
12,1100,0
12,1200,0
12,1300,0
12,1400,0
12,1500,0
12,1600,0
12,1700,0
12,1800,0
12,1900,0
12,2000,0
12,2100,0
12,2200,0
12,2300,0
12,0,0
12,100,0
12,200,0
12,300,0
12,400,0
12,500,0
12,600,0
12,700,0
12,800,0
12,900,0
12,1000,0
12,1100,0
12,1200,0
12,1300,0
12,1400,0
12,1500,0
12,1600,0
12,1700,0
12,1800,0
12,1900,0
12,2000,0
12,2100,0
12,2200,0
12,2300,0
12,0,0
12,100,0
12,200,0
12,300,0
12,400,0
12,500,0
12,600,0
12,700,0
12,800,0
12,900,0
12,1000,0
12,1100,0
12,1200,0
12,1300,0
12,1400,0
12,1500,0
12,1600,0
12,1700,0
12,1800,0
12,1900,0
12,2000,0
12,2100,0
12,2200,0
12,2300,0
12,0,0
12,100,0
12,200,0
12,300,0
12,400,0
12,500,0
12,600,0
12,700,0
12,800,0
12,900,0
12,1000,0
12,1100,0
12,1200,0
12,1300,0
12,1400,0
12,1500,0
12,1600,0
12,1700,0
12,1800,0
12,1900,0
12,2000,0
12,2100,0
12,2200,0
12,2300,0
12,0,0
12,100,0
12,200,0
12,300,0
12,400,0
12,500,0
12,600,0
12,700,0
12,800,0
12,900,0
12,1000,0
12,1100,0
12,1200,0
12,1300,0
12,1400,0
12,1500,0
12,1600,0
12,1700,0
12,1800,0
12,1900,0
12,2000,0
12,2100,0
12,2200,0
12,2300,0
12,0,0
12,100,0
12,200,0
12,300,0
12,400,0
12,500,0
12,600,0
12,700,0
12,800,0
12,900,0
12,1000,0
12,1100,0
12,1200,0
12,1300,0
12,1400,0
12,1500,0
12,1600,0
12,1700,0
12,1800,0
12,1900,0
12,2000,0
12,2100,0
12,2200,0
12,2300,0
12,0,0
12,100,0
12,200,0
12,300,0
12,400,0
12,500,0
12,600,0
12,700,0
12,800,0
12,900,0
12,1000,0
12,1100,0
12,1200,0
12,1300,0
12,1400,0
12,1500,0
12,1600,0
12,1700,0
12,1800,0
12,1900,0
12,2000,0
12,2100,0
12,2200,0
12,2300,0
12,0,0
12,100,0
12,200,0
12,300,0
12,400,0
12,500,0
12,600,0
12,700,0
12,800,0
12,900,0
12,1000,0
12,1100,0
12,1200,0
12,1300,0
12,1400,0
12,1500,0
12,1600,0
12,1700,0
12,1800,0
12,1900,0
12,2000,0
12,2100,0
12,2200,0
12,2300,0
12,0,0
12,100,0
12,200,0
12,300,0
12,400,0
12,500,0
12,600,0
12,700,0
12,800,0
12,900,0
12,1000,0
12,1100,0
12,1200,0
12,1300,0
12,1400,0
12,1500,0
12,1600,0
12,1700,0
12,1800,0
12,1900,0
12,2000,0
12,2100,0
12,2200,0
12,2300,0
12,0,0
12,100,0
12,200,0
12,300,0
12,400,0
12,500,0
12,600,0
12,700,0
12,800,0
12,900,0
12,1000,0
12,1100,0
12,1200,0
12,1300,0
12,1400,0
12,1500,0
12,1600,0
12,1700,0
12,1800,0
12,1900,0
12,2000,0
12,2100,0
12,2200,0
12,2300,0
12,0,0
12,100,0
12,200,0
12,300,0
12,400,0
12,500,0
12,600,0
12,700,0
12,800,0
12,900,0
12,1000,0
12,1100,0
12,1200,0
12,1300,0
12,1400,0
12,1500,0
12,1600,0
12,1700,0
12,1800,0
12,1900,0
12,2000,0
12,2100,0
12,2200,0
12,2300,0
12,0,0
12,100,0
12,200,0
12,300,0
12,400,0
12,500,0
12,600,0
12,700,0
12,800,0
12,900,0
12,1000,0
12,1100,0
12,1200,0
12,1300,0
12,1400,0
12,1500,0
12,1600,0
12,1700,0
12,1800,0
12,1900,0
12,2000,0
12,2100,0
12,2200,0
12,2300,0.9
12,0,1.4
12,100,0.6
12,200,0.3
12,300,0.3
12,400,0
12,500,0
12,600,0
12,700,0
12,800,0
12,900,0
12,1000,0
12,1100,0
12,1200,0
12,1300,0
12,1400,0
12,1500,0
12,1600,0
12,1700,0
12,1800,0
12,1900,0
12,2000,0
12,2100,0
12,2200,0
12,2300,0
12,0,0
12,100,0
12,200,0
12,300,0
12,400,0
12,500,0
12,600,0
12,700,0
12,800,0
12,900,0
12,1000,0
12,1100,0
12,1200,0
12,1300,0
12,1400,0
12,1500,0
12,1600,0
12,1700,0
12,1800,0
12,1900,0
12,2000,0
12,2100,0
12,2200,0
12,2300,0
12,0,0
12,100,0
12,200,0
12,300,0
12,400,0
12,500,0
12,600,0
12,700,0
12,800,0
12,900,0
12,1000,0
12,1100,0
12,1200,0
12,1300,0
12,1400,0
12,1500,0
12,1600,0
12,1700,0
12,1800,0
12,1900,0
12,2000,0
12,2100,0
12,2200,0
12,2300,0
12,0,0
12,100,0
12,200,0
12,300,0
12,400,0
12,500,0
12,600,0
12,700,0
12,800,0
12,900,0
12,1000,0
12,1100,0
12,1200,0
12,1300,0
12,1400,0
12,1500,0
12,1600,0
12,1700,0
12,1800,0
12,1900,0
12,2000,0
12,2100,0
12,2200,0
12,2300,0
12,0,0
12,100,0
12,200,0
12,300,0
12,400,0
12,500,0
12,600,0
12,700,0
12,800,0
12,900,0
12,1000,0
12,1100,0
12,1200,0
12,1300,0
12,1400,0
12,1500,0
12,1600,0
12,1700,0
12,1800,0
12,1900,0
12,2000,0
12,2100,0
12,2200,0
12,2300,0
12,0,0
12,100,0
12,200,0
12,300,0
12,400,0
12,500,0
12,600,0
12,700,0
12,800,0
12,900,0
12,1000,0
12,1100,0
12,1200,0
12,1300,0
12,1400,0
12,1500,0
12,1600,0
12,1700,0
12,1800,0
12,1900,0
12,2000,0
12,2100,0
12,2200,0
12,2300,0
12,0,0
12,100,0
12,200,0
12,300,0
12,400,0
12,500,0
12,600,0
12,700,0
12,800,0
12,900,0
12,1000,0
12,1100,0
12,1200,0
12,1300,0
12,1400,0
12,1500,0
12,1600,0
12,1700,0
12,1800,0
12,1900,0
12,2000,0
12,2100,0
12,2200,0
12,2300,0
12,0,0
12,100,0
12,200,0
12,300,0
12,400,0
12,500,0
12,600,0
12,700,0
12,800,0
12,900,0
12,1000,0
12,1100,0
12,1200,0
12,1300,0
12,1400,0
12,1500,0
12,1600,0
12,1700,0
12,1800,0
12,1900,0
12,2000,0
12,2100,0
12,2200,0
12,2300,0
12,0,0
12,100,0
12,200,0
12,300,0
12,400,0
12,500,0
12,600,0
12,700,0
12,800,0
12,900,0
12,1000,0
12,1100,0
12,1200,0
12,1300,0
12,1400,0
12,1500,0
12,1600,0
12,1700,0
12,1800,0
12,1900,0
12,2000,0
12,2100,0
12,2200,0
12,2300,0
12,0,0
12,100,0
12,200,0
12,300,0
12,400,0
12,500,0
12,600,0
12,700,0
12,800,0
12,900,0
12,1000,0
12,1100,0
12,1200,0
12,1300,0
12,1400,0
12,1500,0
12,1600,0
12,1700,0
12,1800,0
12,1900,0
12,2000,0
12,2100,0
12,2200,0
12,2300,0
12,0,0
12,100,0
12,200,0
12,300,0
12,400,0
12,500,0
12,600,0
12,700,0
12,800,0
12,900,0
12,1000,0
12,1100,0
12,1200,0
12,1300,0
12,1400,0
12,1500,0
12,1600,0
12,1700,0
12,1800,0
12,1900,0
12,2000,0
12,2100,0
12,2200,0
12,2300,0
12,0,0
12,100,0
12,200,0
12,300,0
12,400,0
12,500,0
12,600,0
12,700,0
12,800,0
12,900,0
12,1000,0
12,1100,0
12,1200,0
12,1300,0
12,1400,0
12,1500,0
12,1600,0
12,1700,0
12,1800,0
12,1900,0
12,2000,0
12,2100,0
12,2200,0
12,2300,0
12,0,0
12,100,0
12,200,0
12,300,0
12,400,0
12,500,0
12,600,0
12,700,0
12,800,0
12,900,0
12,1000,0
12,1100,0
12,1200,0
12,1300,0
12,1400,0
12,1500,0
12,1600,0
12,1700,0
12,1800,0
12,1900,0
12,2000,0
12,2100,0
12,2200,0
12,2300,0
12,0,0
12,100,0
12,200,0
12,300,0
12,400,0
12,500,0
12,600,0
12,700,0
12,800,0
12,900,0
12,1000,0
12,1100,0
12,1200,0
12,1300,0
12,1400,0
12,1500,0
12,1600,0
12,1700,0
12,1800,0
12,1900,0
12,2000,0
12,2100,0
12,2200,0
12,2300,0
12,0,0
12,100,0
12,200,0
12,300,0
12,400,0
12,500,0
12,600,0
12,700,0
12,800,0
12,900,0
12,1000,0
12,1100,0
12,1200,0
12,1300,0
12,1400,0
12,1500,0
12,1600,0
12,1700,0
12,1800,0
12,1900,0
12,2000,0
12,2100,0
12,2200,0
12,2300,0
12,0,0
12,100,0
12,200,0
12,300,0
12,400,0
12,500,0
12,600,0
12,700,0
12,800,0
12,900,0
12,1000,0
12,1100,0
12,1200,0
12,1300,0
12,1400,0
12,1500,0
12,1600,0
12,1700,0
12,1800,0
12,1900,0
12,2000,0
12,2100,0
12,2200,0
12,2300,0
